version,book,chapter,verse,issue_type,verse_text,confidence
telugu_ov,Genesis,32,8,merged_word,తప్పించుకొనిపోవుననుకొని,medium
telugu_ov,Exodus,3,7,merged_word,కష్టపెట్టువారినిబట్టి,medium
telugu_ov,Exodus,3,23,structural:missing_verse,,high
telugu_ov,Exodus,3,24,structural:missing_verse,,high
telugu_ov,Exodus,3,25,structural:missing_verse,,high
telugu_ov,Exodus,3,26,structural:missing_verse,,high
telugu_ov,Exodus,3,27,structural:missing_verse,,high
telugu_ov,Exodus,4,14,merged_word,ఎదుర్కొనవచ్చుచున్నాడు,medium
telugu_ov,Exodus,5,1,merged_word,ఆజ్ఞాపించుచున్నాడనిరి,medium
telugu_ov,Exodus,5,24,structural:missing_verse,,high
telugu_ov,Exodus,5,25,structural:missing_verse,,high
telugu_ov,Exodus,5,26,structural:missing_verse,,high
telugu_ov,Exodus,5,27,structural:missing_verse,,high
telugu_ov,Exodus,5,28,structural:missing_verse,,high
telugu_ov,Exodus,5,29,structural:missing_verse,,high
telugu_ov,Exodus,5,30,structural:missing_verse,,high
telugu_ov,Exodus,6,9,merged_word,మనోవ్యాకులమునుబట్టియు,medium
telugu_ov,Exodus,7,26,structural:missing_verse,,high
telugu_ov,Exodus,7,27,structural:missing_verse,,high
telugu_ov,Exodus,7,28,structural:missing_verse,,high
telugu_ov,Exodus,7,29,structural:missing_verse,,high
telugu_ov,Exodus,7,30,structural:missing_verse,,high
telugu_ov,Exodus,7,31,structural:missing_verse,,high
telugu_ov,Exodus,7,32,structural:missing_verse,,high
telugu_ov,Exodus,7,33,structural:missing_verse,,high
telugu_ov,Exodus,7,34,structural:missing_verse,,high
telugu_ov,Exodus,17,17,structural:missing_verse,,high
telugu_ov,Exodus,17,18,structural:missing_verse,,high
telugu_ov,Exodus,17,19,structural:missing_verse,,high
telugu_ov,Exodus,17,20,structural:missing_verse,,high
telugu_ov,Exodus,17,21,structural:missing_verse,,high
telugu_ov,Exodus,17,22,structural:missing_verse,,high
telugu_ov,Exodus,17,23,structural:missing_verse,,high
telugu_ov,Exodus,17,24,structural:missing_verse,,high
telugu_ov,Exodus,17,25,structural:missing_verse,,high
telugu_ov,Exodus,17,26,structural:missing_verse,,high
telugu_ov,Exodus,17,27,structural:missing_verse,,high
telugu_ov,Exodus,19,26,structural:missing_verse,,high
telugu_ov,Exodus,19,27,structural:missing_verse,,high
telugu_ov,Exodus,19,28,structural:missing_verse,,high
telugu_ov,Exodus,19,29,structural:missing_verse,,high
telugu_ov,Exodus,19,30,structural:missing_verse,,high
telugu_ov,Exodus,19,31,structural:missing_verse,,high
telugu_ov,Exodus,19,32,structural:missing_verse,,high
telugu_ov,Exodus,19,33,structural:missing_verse,,high
telugu_ov,Exodus,19,34,structural:missing_verse,,high
telugu_ov,Exodus,19,35,structural:missing_verse,,high
telugu_ov,Exodus,19,36,structural:missing_verse,,high
telugu_ov,Exodus,19,37,structural:missing_verse,,high
telugu_ov,Exodus,19,38,structural:missing_verse,,high
telugu_ov,Exodus,20,12,merged_word,దీర్ఘాయుష్మంతుడవగునట్లు,medium
telugu_ov,Exodus,31,6,merged_word,నీకాజ్ఞాపించినవన్నియు,medium
telugu_ov,Exodus,31,12,merged_word,ఇశ్రాయేలీయులతోనిజముగా,medium
telugu_ov,Exodus,32,13,merged_word,వారితోఆకాశనక్షత్రములవలె,medium
telugu_ov,Exodus,32,32,merged_word,బ్రతిమాలుకొనుచున్నాననెను,medium
telugu_ov,Exodus,38,22,merged_word,ఆజ్ఞాపించినదంతయుచేసెను,medium
telugu_ov,Leviticus,3,17,merged_word,నివాసస్థలములన్నిటిలోను,medium
telugu_ov,Leviticus,4,8,merged_word,పాపపరిహారార్థబలిరూపమైన,medium
telugu_ov,Leviticus,5,8,merged_word,పాపపరిహారార్థమైనదానిని,medium
telugu_ov,Leviticus,6,17,merged_word,పాపపరిహారార్థబలివలెను,medium
telugu_ov,Leviticus,6,17,merged_word,అపరాధపరిహారార్థబలివలెను,medium
telugu_ov,Leviticus,7,2,merged_word,రాధపరిహారార్థబలిరూపమైన,medium
telugu_ov,Leviticus,7,32,merged_word,సమాధానబలిపశువులలోనుండి,medium
telugu_ov,Leviticus,8,14,merged_word,పాపపరిహారార్థబలిరూపమైన,medium
telugu_ov,Leviticus,10,17,merged_word,పాపపరిహారార్థబలిపశువును,medium
telugu_ov,Leviticus,14,14,merged_word,అపరాధపరిహారార్థమైనదాని,medium
telugu_ov,Leviticus,14,25,merged_word,అపరాధపరిహారార్థబలియగు,medium
telugu_ov,Leviticus,14,30,merged_word,పావురపుపిల్లలలోనేగాని,medium
telugu_ov,Leviticus,17,17,structural:missing_verse,,high
telugu_ov,Leviticus,17,18,structural:missing_verse,,high
telugu_ov,Leviticus,17,19,structural:missing_verse,,high
telugu_ov,Leviticus,17,20,structural:missing_verse,,high
telugu_ov,Leviticus,17,21,structural:missing_verse,,high
telugu_ov,Leviticus,17,22,structural:missing_verse,,high
telugu_ov,Leviticus,17,23,structural:missing_verse,,high
telugu_ov,Leviticus,17,24,structural:missing_verse,,high
telugu_ov,Leviticus,17,25,structural:missing_verse,,high
telugu_ov,Leviticus,17,26,structural:missing_verse,,high
telugu_ov,Leviticus,17,27,structural:missing_verse,,high
telugu_ov,Leviticus,19,21,merged_word,అపరాధపరిహారార్థబలియగు,medium
telugu_ov,Leviticus,25,46,merged_word,స్వతంత్రించుకొనవచ్చును,medium
telugu_ov,Numbers,2,7,merged_word,జెబూలూనుగోత్రికులుండవలెను,medium
telugu_ov,Numbers,3,34,merged_word,లెక్కింపబడినవారెందరనగా,medium
telugu_ov,Numbers,11,27,merged_word,పరుగెత్తివచ్చిఎల్దాదు,medium
telugu_ov,Numbers,14,40,merged_word,కొనమీదికెక్కిచిత్తమండి,medium
telugu_ov,Numbers,15,39,merged_word,ప్రతిష్ఠితులైయుండునట్లు,medium
telugu_ov,Numbers,16,3,merged_word,హెచ్చించుకొనుచున్నారనగా,medium
telugu_ov,Numbers,18,6,merged_word,ఇశ్రాయేలీయులమధ్యనుండి,medium
telugu_ov,Numbers,18,8,merged_word,ప్రతిష్ఠించువాటన్నిటిలో,medium
telugu_ov,Numbers,18,19,merged_word,ప్రతిష్ఠార్పణములన్నిటిని,medium
telugu_ov,Numbers,31,3,merged_word,మిద్యానీయులమీదికిపోయి,medium
telugu_ov,Numbers,31,54,merged_word,శతాధిపతులయొద్దనుండియు,medium
telugu_ov,Numbers,33,52,merged_word,పోతవిగ్రహములనన్నిటిని,medium
telugu_ov,Deuteronomy,4,34,merged_word,చేసినవాటన్నిటిచొప్పున,medium
telugu_ov,Deuteronomy,4,40,merged_word,దీర్ఘాయుష్మంతుడవగునట్లు,medium
telugu_ov,Deuteronomy,5,33,merged_word,దీర్ఘాయుష్మంతులగునట్లు,medium
telugu_ov,Deuteronomy,6,2,merged_word,దీర్ఘాయుష్మంతుడవగునట్లు,medium
telugu_ov,Deuteronomy,11,9,merged_word,దీర్ఘాయుష్మంతులగునట్లును,medium
telugu_ov,Deuteronomy,12,2,merged_word,చెట్లన్నిటిక్రిందనేమి,medium
telugu_ov,Deuteronomy,14,9,merged_word,పొలుసులుగలవాటినన్నిటిని,medium
telugu_ov,Deuteronomy,19,7,merged_word,నీకాజ్ఞాపించుచున్నాను,medium
telugu_ov,Deuteronomy,19,12,merged_word,ప్రతిహత్యచేయువానిచేతికి,medium
telugu_ov,Deuteronomy,21,13,merged_word,పెండ్లిచేసికొనవచ్చును,medium
telugu_ov,Deuteronomy,22,7,merged_word,దీర్ఘాయుష్మంతుడవగునట్లును,medium
telugu_ov,Deuteronomy,24,2,merged_word,పెండ్లిచేసికొనవచ్చును,medium
telugu_ov,Deuteronomy,24,22,merged_word,నీకాజ్ఞాపించుచున్నాను,medium
telugu_ov,Deuteronomy,26,16,merged_word,నీకాజ్ఞాపించియున్నాడు,medium
telugu_ov,Deuteronomy,27,3,merged_word,శాస్త్రవాక్యములన్నిటిని,medium
telugu_ov,Deuteronomy,27,9,merged_word,ఇట్లనిరిఇశ్రాయేలీయులారా,medium
telugu_ov,Deuteronomy,28,27,merged_word,పోగొట్టుకొనజాలకుందువు,medium
telugu_ov,Deuteronomy,29,21,merged_word,గోత్రములన్నిటిలోనుండి,medium
telugu_ov,Deuteronomy,30,7,merged_word,ద్వేషించినవారిమీదికిని,medium
telugu_ov,Deuteronomy,31,17,merged_word,ప్రాప్తించెననుకొందురు,medium
telugu_ov,Deuteronomy,32,26,merged_word,లేకుండచేసెదననుకొందును,medium
telugu_ov,Deuteronomy,32,47,merged_word,దీర్ఘాయుష్మంతులగుదురు,medium
telugu_ov,Deuteronomy,34,9,merged_word,జ్ఞానాత్మపూర్ణుడాయెను,medium
telugu_ov,Joshua,1,11,merged_word,స్వాధీనపరచుకొనబోవుటకై,medium
telugu_ov,Joshua,2,2,merged_word,ఇశ్రాయేలీయులయొద్దనుండి,medium
telugu_ov,Joshua,7,23,merged_word,ఇశ్రాయేలీయులయొద్దకును,medium
telugu_ov,Joshua,10,2,merged_word,అదోనీసెదెకుగిబియోనీయులు,medium
telugu_ov,Joshua,10,6,merged_word,గిబియోనీయులుమన్యములలో,medium
telugu_ov,Joshua,15,16,merged_word,కాలేబుకిర్యత్సేఫెరును,medium
telugu_ov,Joshua,17,16,merged_word,బేత్షెయానులోనివారికిని,medium
telugu_ov,Joshua,18,15,merged_word,కిర్యత్యారీముకొననుండి,medium
telugu_ov,Joshua,21,6,merged_word,అర్ధగోత్రపువారినుండియు,medium
telugu_ov,Joshua,22,17,merged_word,పవిత్రపరచుకొనకయున్నాము,medium
telugu_ov,Joshua,22,24,merged_word,సంతానపువారితోఇశ్రాయేలీయుల,medium
telugu_ov,Judges,1,12,merged_word,కాలేబుకిర్యత్సేఫెరును,medium
telugu_ov,Judges,4,19,merged_word,అతడుదప్పికొనియున్నాను,medium
telugu_ov,Judges,5,2,merged_word,ఇశ్రాయేలీయులలోయుద్ధశాలులు,medium
telugu_ov,Judges,6,8,merged_word,ప్రకటించెనుఇశ్రాయేలీయుల,medium
telugu_ov,Judges,6,19,merged_word,మస్తకివృక్షముక్రిందికి,medium
telugu_ov,Judges,7,5,merged_word,యెహోవాకుక్కగతుకునట్లు,medium
telugu_ov,Judges,8,21,merged_word,పల్మున్నాలుప్రాయముకొలది,medium
telugu_ov,Judges,11,24,merged_word,నీవనుభవించుచున్నావుగదా,medium
telugu_ov,Judges,14,12,merged_word,సమ్సోనుమీకిష్టమైనయెడల,medium
telugu_ov,Judges,16,20,merged_word,నిద్రమేలుకొనియెప్పటియట్లు,medium
telugu_ov,Judges,16,20,merged_word,విడజిమ్ముకొందుననుకొనెను,medium
telugu_ov,Judges,19,12,merged_word,యజమానుడుఇశ్రాయేలీయులు,medium
telugu_ov,Judges,19,28,merged_word,ప్రత్యుత్తరమియ్యకుండెను,medium
telugu_ov,Judges,20,12,merged_word,బెన్యామీనీయులందరియొద్దకు,medium
telugu_ov,Judges,20,34,merged_word,ఇశ్రాయేలీయులందరిలోనుండి,medium
telugu_ov,Ruth,4,10,merged_word,పెండ్లిచేసికొనుచున్నాను,medium
telugu_ov,1 Samuel,2,3,merged_word,మాటలాడకుడిగర్వపుమాటలు,medium
telugu_ov,1 Samuel,4,16,merged_word,మనుష్యుడుయుద్ధములోనుండి,medium
telugu_ov,1 Samuel,5,8,merged_word,పిలువనంపించిఇశ్రాయేలీ,medium
telugu_ov,1 Samuel,5,11,merged_word,పిలువనంపించిఇశ్రాయేలీయుల,medium
telugu_ov,1 Samuel,7,2,merged_word,కిర్యత్యారీములోనుండిన,medium
telugu_ov,1 Samuel,7,5,merged_word,సమూయేలుఇశ్రాయేలీయులందరిని,medium
telugu_ov,1 Samuel,9,9,merged_word,దీర్ఘదర్శియనిపించుకొనెను,medium
telugu_ov,1 Samuel,9,26,merged_word,సమూయేలుమిద్దెమీదనున్న,medium
telugu_ov,1 Samuel,12,5,merged_word,చెప్పినప్పుడుసాక్షులే,medium
telugu_ov,1 Samuel,13,13,merged_word,రాజ్యమునుఇశ్రాయేలీయులమీద,medium
telugu_ov,1 Samuel,15,32,merged_word,తీసికొనిరండనిచెప్పెను,medium
telugu_ov,1 Samuel,16,1,merged_word,విచ్చెనుఇశ్రాయేలీయులమీద,medium
telugu_ov,1 Samuel,16,15,merged_word,సేవకులుదేవునియొద్దనుండి,medium
telugu_ov,1 Samuel,20,12,merged_word,యోనాతానుఇశ్రాయేలీయులకు,medium
telugu_ov,1 Samuel,20,29,merged_word,అర్పింపబోవుచున్నారునీవును,medium
telugu_ov,1 Samuel,22,7,merged_word,ఇట్లనెనుబెన్యామీనీయులారా,medium
telugu_ov,1 Samuel,24,2,merged_word,ఇశ్రాయేలీయులందరిలోనుండి,medium
telugu_ov,1 Samuel,28,8,merged_word,వచ్చికర్ణపిశాచముద్వారా,medium
telugu_ov,2 Samuel,1,27,merged_word,పడిపోయిరియుద్ధసన్నద్ధులు,medium
telugu_ov,2 Samuel,2,5,merged_word,యాబేష్గిలాదువారియొద్దకు,medium
telugu_ov,2 Samuel,3,38,merged_word,సెలవిచ్చెనునేటిదినమున,medium
telugu_ov,2 Samuel,7,10,merged_word,కష్టపెట్టకయుండునట్లుగా,medium
telugu_ov,2 Samuel,7,23,merged_word,ఐగుప్తుదేశములోనుండియు,medium
telugu_ov,2 Samuel,15,10,merged_word,గోత్రములన్నిటియొద్దకు,medium
telugu_ov,2 Samuel,16,16,merged_word,అబ్షాలోమునొద్దకువచ్చి,medium
telugu_ov,2 Samuel,18,12,merged_word,ముట్టకుండజాగ్రత్తపడుడని,medium
telugu_ov,2 Samuel,20,14,merged_word,బేత్మయకావారియొద్దకును,medium
telugu_ov,2 Samuel,22,3,merged_word,రక్షకుడుబలాత్కారులనుండి,medium
telugu_ov,2 Samuel,22,5,merged_word,చుట్టుకొనగనువరదపొర్లువలె,medium
telugu_ov,2 Samuel,22,9,merged_word,నాసికారంధ్రములలోనుండి,medium
telugu_ov,2 Samuel,22,15,merged_word,చెదరగొట్టెనుమెరుపులను,medium
telugu_ov,2 Samuel,22,21,merged_word,నిర్దోషత్వమునుబట్టియే,medium
telugu_ov,2 Samuel,22,26,merged_word,యథార్థవంతుడవుగానుందువు,medium
telugu_ov,2 Samuel,22,31,merged_word,శరణుజొచ్చువారికందరికి,medium
telugu_ov,2 Samuel,22,42,merged_word,ప్రత్యుత్తరమియ్యకుండును,medium
telugu_ov,2 Samuel,24,17,merged_word,ప్రార్థించెనుచిత్తగించుము,medium
telugu_ov,1 Kings,1,22,merged_word,లోపలికిరాగాప్రవక్తయగు,medium
telugu_ov,1 Kings,3,11,merged_word,విచ్చెనుదీర్ఘాయువునైనను,medium
telugu_ov,1 Kings,5,13,merged_word,ఇశ్రాయేలీయులందరిచేతను,medium
telugu_ov,1 Kings,10,2,merged_word,తోచినదానినంతటినిబట్టి,medium
telugu_ov,1 Kings,12,6,merged_word,ప్రత్యుత్తరమిచ్చెదనని,medium
telugu_ov,1 Kings,12,23,merged_word,బెన్యామీనీయులందరితోను,medium
telugu_ov,1 Kings,14,21,merged_word,గోత్రములన్నిటిలోనుండి,medium
telugu_ov,1 Kings,15,10,merged_word,సంవత్సరములుయెరూషలేమునందు,medium
telugu_ov,1 Kings,18,8,merged_word,ఉన్నాడనితెలియజేయుమనెను,medium
telugu_ov,1 Kings,18,26,merged_word,ప్రత్యుత్తరమిచ్చువాడు,medium
telugu_ov,1 Kings,20,9,merged_word,తెలియజెప్పవలసినదేమనగా,medium
telugu_ov,1 Kings,22,3,merged_word,పిలిపించిరామోత్గిలాదు,medium
telugu_ov,2 Kings,1,9,merged_word,ఆజ్ఞాపించుచున్నాడనెను,medium
telugu_ov,2 Kings,1,11,merged_word,ఆజ్ఞాపించుచున్నాడనెను,medium
telugu_ov,2 Kings,4,12,merged_word,పిలిచిఈషూనేమీయురాలిని,medium
telugu_ov,2 Kings,5,19,merged_word,చెప్పగాఒఎలీషానెమ్మదిగలిగి,medium
telugu_ov,2 Kings,6,8,merged_word,ఆలోచనచేసిఫలానిస్థలమందు,medium
telugu_ov,2 Kings,6,27,merged_word,ద్రాక్షగానుగలోనుండియైనను,medium
telugu_ov,2 Kings,8,13,merged_word,హజాయేలుకుక్కవంటివాడనగు,medium
telugu_ov,2 Kings,10,15,merged_word,కుశలప్రశ్నలడిగినీయెడల,medium
telugu_ov,2 Kings,13,23,merged_word,చేసియున్ననిబంధననుబట్టి,medium
telugu_ov,2 Kings,14,9,merged_word,పంపెనులెబానోనులోనున్న,medium
telugu_ov,2 Kings,16,8,merged_word,తిగ్లత్పిలేసెరునొద్దకు,medium
telugu_ov,2 Kings,18,27,merged_word,కూర్చున్నవారియొద్దకును,medium
telugu_ov,2 Kings,18,36,merged_word,ప్రత్యుత్తరమియ్యవద్దని,medium
telugu_ov,2 Kings,19,23,merged_word,సత్రములలోనికినికర్మెలు,medium
telugu_ov,2 Kings,23,1,merged_word,పెద్దలనందరినియెరూషలేము,medium
telugu_ov,2 Kings,24,1,merged_word,బబులోనురాజైననెబుకద్నెజరు,medium
telugu_ov,2 Kings,25,24,merged_word,ప్రమాణముచేసికల్దీయులకు,medium
telugu_ov,1 Chronicles,6,61,merged_word,గోత్రస్థానములోనుండియు,medium
telugu_ov,1 Chronicles,6,62,merged_word,గోత్రస్థానములోనుండియు,medium
telugu_ov,1 Chronicles,6,62,merged_word,గోత్రస్థానములోనుండియు,medium
telugu_ov,1 Chronicles,6,63,merged_word,గోత్రస్థానములోనుండియు,medium
telugu_ov,1 Chronicles,6,63,merged_word,గోత్రస్థానములోనుండియు,medium
telugu_ov,1 Chronicles,6,63,merged_word,గోత్రస్థానములోనుండియు,medium
telugu_ov,1 Chronicles,6,65,merged_word,గోత్రస్థానములోనుండియు,medium
telugu_ov,1 Chronicles,6,65,merged_word,గోత్రస్థానములోనుండియు,medium
telugu_ov,1 Chronicles,6,70,merged_word,అర్ధగోత్రస్థానములోనుండి,medium
telugu_ov,1 Chronicles,6,72,merged_word,ఖారుగోత్రస్థానములోనుండి,medium
telugu_ov,1 Chronicles,10,11,merged_word,పరాక్రమశాలులైనవారందరును,medium
telugu_ov,1 Chronicles,16,20,merged_word,రాజ్యమునుండిరాజ్యమునకును,medium
telugu_ov,1 Chronicles,17,15,merged_word,ప్రత్యక్షమైనదానిబట్టి,medium
telugu_ov,1 Chronicles,18,14,merged_word,ఇశ్రాయేలీయులందరిమీదను,medium
telugu_ov,1 Chronicles,21,12,merged_word,ప్రత్యుత్తరమియ్యవలెనో,medium
telugu_ov,1 Chronicles,22,5,merged_word,ప్రసిద్ధిచెందునట్లుగా,medium
telugu_ov,1 Chronicles,22,6,merged_word,పిలిపించిఇశ్రాయేలీయుల,medium
telugu_ov,1 Chronicles,26,21,merged_word,గూర్చినదిగెర్షోనీయుడైన,medium
telugu_ov,1 Chronicles,27,11,merged_word,సంబంధుడునుహుషాతీయుడునైన,medium
telugu_ov,2 Chronicles,1,3,merged_word,ఇశ్రాయేలీయులకందరికిని,medium
telugu_ov,2 Chronicles,11,1,merged_word,బెన్యామీనీయులలోనుండియు,medium
telugu_ov,2 Chronicles,12,13,merged_word,గోత్రములన్నిటిలోనుండి,medium
telugu_ov,2 Chronicles,14,4,merged_word,ధర్మశాస్త్రమునుబట్టియు,medium
telugu_ov,2 Chronicles,14,5,merged_word,పట్టణములన్నిటిలోనుండి,medium
telugu_ov,2 Chronicles,18,10,merged_word,చేయించుకొనివచ్చిసిరియనులు,medium
telugu_ov,2 Chronicles,20,4,merged_word,పట్టణములన్నిటిలోనుండి,medium
telugu_ov,2 Chronicles,20,11,merged_word,స్వతంత్రించుకొనవలెనని,medium
telugu_ov,2 Chronicles,20,20,merged_word,కృతార్థులగుదురనిచెప్పెను,medium
telugu_ov,2 Chronicles,24,5,merged_word,యేలీయులందరియొద్దనుండి,medium
telugu_ov,2 Chronicles,26,18,merged_word,పరిశుద్ధస్థలములోనుండి,medium
telugu_ov,2 Chronicles,29,5,merged_word,పరిశుద్ధస్థలములోనుండి,medium
telugu_ov,2 Chronicles,29,16,merged_word,నిషిద్ధవస్తువులన్నిటిని,medium
telugu_ov,2 Chronicles,29,21,merged_word,పరిశుద్ధస్థలముకొరకును,medium
telugu_ov,2 Chronicles,29,24,merged_word,ఇశ్రాయేలీయులందరికొరకు,medium
telugu_ov,2 Chronicles,29,34,merged_word,ప్రతిష్ఠించుకొనుటయందు,medium
telugu_ov,2 Chronicles,30,2,merged_word,ప్రతిష్ఠించుకొనకుండుట,medium
telugu_ov,2 Chronicles,31,3,merged_word,యెహోవాధర్మశాస్త్రమునందు,medium
telugu_ov,2 Chronicles,31,10,merged_word,మొదలుపెట్టినప్పటినుండి,medium
telugu_ov,2 Chronicles,33,16,merged_word,అర్పించుచుఇశ్రాయేలీయుల,medium
telugu_ov,2 Chronicles,35,15,merged_word,ద్వారములన్నిటియొద్దను,medium
telugu_ov,2 Chronicles,35,21,merged_word,శత్రువులగువారిమీదికేగాని,medium
telugu_ov,2 Chronicles,36,17,merged_word,పరిశుద్ధస్థలముగానున్న,medium
telugu_ov,Ezra,7,27,merged_word,అనుగ్రహింపజేసినందునను,medium
telugu_ov,Ezra,8,35,merged_word,ఇశ్రాయేలీయులందరికొరకు,medium
telugu_ov,Nehemiah,1,3,merged_word,వారుచెరపట్టబడినవారిలో,medium
telugu_ov,Nehemiah,2,12,merged_word,ఆలోచననునేనెవరితోనైనను,medium
telugu_ov,Nehemiah,8,13,merged_word,ధర్మశాస్త్రగ్రంథపుమాటలు,medium
telugu_ov,Nehemiah,9,18,merged_word,చేసికొనిఐగుప్తులోనుండి,medium
telugu_ov,Nehemiah,11,29,merged_word,ఏన్రిమ్మోనులోనుజొర్యాలోను,medium
telugu_ov,Nehemiah,13,22,merged_word,పవిత్రపరచుకొనవలెననియు,medium
telugu_ov,Esther,9,16,merged_word,కొల్లసొమ్ముపట్టుకొనలేదు,medium
telugu_ov,Esther,9,26,merged_word,చూచినదానినంతటినిబట్టియు,medium
telugu_ov,Esther,9,31,merged_word,విశ్వాసార్థ్వములగునట్టియు,medium
telugu_ov,Job,4,11,merged_word,నశించునుసింహపుపిల్లలు,medium
telugu_ov,Job,4,19,merged_word,నివసించువారియందుమంటిలో,medium
telugu_ov,Job,4,19,merged_word,పుట్టినవారియందుచిమ్మట,medium
telugu_ov,Job,5,3,merged_word,శాపగ్రస్తమనికనుగొంటిని,medium
telugu_ov,Job,6,4,merged_word,పానముచేయుచున్నదిదేవుని,medium
telugu_ov,Job,8,21,merged_word,అవమానభరితులగుదురుదుష్టుల,medium
telugu_ov,Job,9,17,merged_word,విస్తరింపజేయుచున్నాడు,medium
telugu_ov,Job,9,24,merged_word,అప్పగింపబడియున్నదివారి,medium
telugu_ov,Job,9,27,merged_word,మరచిపోయెదననియుదుఃఖముఖుడనై,medium
telugu_ov,Job,11,7,merged_word,పరిపూర్ణజ్ఞానముకలుగునా,medium
telugu_ov,Job,11,20,merged_word,క్షీణించిపోవునువారికి,medium
telugu_ov,Job,15,2,merged_word,ప్రత్యుత్తరమియ్యదగునా,medium
telugu_ov,Job,16,3,merged_word,నాకుత్తరమిచ్చుచున్నావు,medium
telugu_ov,Job,19,19,merged_word,ప్రాణస్నేహితులకందరికి,medium
telugu_ov,Job,21,19,merged_word,చెప్పుచున్నారుచేసినవారు,medium
telugu_ov,Job,22,26,merged_word,ఆనందించెదవుదేవునితట్టు,medium
telugu_ov,Job,22,29,merged_word,పడద్రోయబడినప్పుడుమీదు,medium
telugu_ov,Job,22,29,merged_word,చూచెదనందువువినయముగలవానిని,medium
telugu_ov,Job,22,30,merged_word,నిర్దోషికానివానినైనను,medium
telugu_ov,Job,30,19,merged_word,బూడిదెయునైనట్లున్నాను,medium
telugu_ov,Psalms,4,7,merged_word,హృదయములోపుట్టించితివి,medium
telugu_ov,Psalms,5,7,merged_word,మందిరములోప్రవేశించెదను,medium
telugu_ov,Psalms,5,10,merged_word,తిరుగబడియున్నారువారిని,medium
telugu_ov,Psalms,7,7,merged_word,చుట్టుకొనునప్పుడువారికి,medium
telugu_ov,Psalms,9,1,merged_word,అద్భుతకార్యములన్నిటిని,medium
telugu_ov,Psalms,9,2,merged_word,సంతోషించిహర్షించుచున్నాను,medium
telugu_ov,Psalms,9,7,merged_word,సింహాసనాసీనుడైయున్నాడు,medium
telugu_ov,Psalms,9,8,merged_word,తీర్చునుయథార్థతనుబట్టి,medium
telugu_ov,Psalms,10,14,merged_word,చూచుచున్నావునిరాధారులు,medium
telugu_ov,Psalms,17,6,merged_word,మొఱ్ఱపెట్టుకొనియున్నాను,medium
telugu_ov,Psalms,17,6,merged_word,నాకుత్తరమిచ్చెదవునాకు,medium
telugu_ov,Psalms,17,10,merged_word,కఠినపరచుకొనియున్నారువారి,medium
telugu_ov,Psalms,21,6,merged_word,నుల్లసింపజేసియున్నావు,medium
telugu_ov,Psalms,22,29,merged_word,వర్థిల్లుచున్నవారందరు,medium
telugu_ov,Psalms,31,5,merged_word,చేతికప్పగించుచున్నాను,medium
telugu_ov,Psalms,31,11,merged_word,నిందాస్పదుడనైయున్నాను,medium
telugu_ov,Psalms,37,34,merged_word,స్వతంత్రించుకొనునట్లు,medium
telugu_ov,Psalms,38,15,merged_word,కనిపెట్టుకొనియున్నాను,medium
telugu_ov,Psalms,39,8,merged_word,అతిక్రమములన్నిటినుండి,medium
telugu_ov,Psalms,44,15,merged_word,తీర్చుకొనువారినిబట్టియు,medium
telugu_ov,Psalms,55,3,merged_word,మోపుచున్నారుఆగ్రహముగలవారై,medium
telugu_ov,Psalms,59,9,merged_word,కనిపెట్టుకొనుచున్నాను,medium
telugu_ov,Psalms,62,12,merged_word,ప్రతిఫలమిచ్చుచున్నావు,medium
telugu_ov,Psalms,69,16,merged_word,వాత్సల్యబాహుళ్యతనుబట్టి,medium
telugu_ov,Psalms,73,27,merged_word,వ్యభిచరించువారినందరిని,medium
telugu_ov,Psalms,78,14,merged_word,అగ్నిప్రకాశములోనుండియు,medium
telugu_ov,Psalms,78,32,merged_word,ఆశ్చర్యకార్యములనుబట్టి,medium
telugu_ov,Psalms,82,3,merged_word,తలిదండ్రులులేనివారికిని,medium
telugu_ov,Psalms,86,5,merged_word,మొఱ్ఱపెట్టువారందరియెడల,medium
telugu_ov,Psalms,97,10,merged_word,భక్తిహీనులచేతిలోనుండి,medium
telugu_ov,Psalms,105,2,merged_word,ఆశ్చర్యకార్యములన్నిటిని,medium
telugu_ov,Psalms,105,31,merged_word,ప్రాంతములన్నిటిలోనికి,medium
telugu_ov,Psalms,107,31,merged_word,కార్యములనుబట్టియువారు,medium
telugu_ov,Psalms,108,6,char:latin_in_telugu,నీ ప్రభావము సర్వభూమిమీద కనబడనిమ్ము నీ ప్రియులు విమోచింపబడునట్లుn నీ కుడిచేతితో న,low
telugu_ov,Psalms,110,3,merged_word,పరిశుద్ధాలంకృతులైమంచు,medium
telugu_ov,Psalms,115,12,merged_word,వంశస్థులనాశీర్వదించును,medium
telugu_ov,Psalms,119,101,merged_word,దుష్టమార్గములన్నిటిలో,medium
telugu_ov,Psalms,130,5,merged_word,కనిపెట్టుకొనుచున్నాను,medium
telugu_ov,Psalms,139,21,merged_word,అసహ్యించుకొనుచున్నాను,medium
telugu_ov,Psalms,149,2,merged_word,పుట్టించినవానినిబట్టి,medium
telugu_ov,Psalms,149,2,merged_word,రాజునుబట్టిఆనందించుదురు,medium
telugu_ov,Proverbs,1,28,merged_word,ప్రత్యుత్తరమియ్యకుందును,medium
telugu_ov,Proverbs,4,10,merged_word,దీర్ఘాయుష్మంతుడవగుదువు,medium
telugu_ov,Proverbs,13,8,merged_word,ఐశ్వర్యముప్రాయశ్చిత్తము,medium
telugu_ov,Proverbs,18,13,merged_word,ప్రత్యుత్తరమిచ్చువాడు,medium
telugu_ov,Proverbs,20,9,merged_word,పవిత్రుడనైతిననుకొనదగిన,medium
telugu_ov,Proverbs,23,20,merged_word,హెచ్చుగాతినువారితోనైనను,medium
telugu_ov,Proverbs,24,29,merged_word,ప్రతిఫలమిచ్చెదననుకొనకుము,medium
telugu_ov,Proverbs,28,9,merged_word,ధర్మశాస్త్రమువినబడకుండ,medium
telugu_ov,Proverbs,31,8,merged_word,దిక్కులేనివారికందరికిని,medium
telugu_ov,Ecclesiastes,3,22,merged_word,లేపికొనిపోవువాడెవడును,medium
telugu_ov,Ecclesiastes,12,11,merged_word,అంగీకరింపబడినట్టున్నవి,medium
telugu_ov,Song of Solomon,5,1,merged_word,క్షీరసహితద్రాక్షారసము,medium
telugu_ov,Song of Solomon,7,9,merged_word,శ్రేష్టద్రాక్షారసమువలె,medium
telugu_ov,Song of Solomon,8,10,merged_word,ప్రాకారమువంటిదాననైతిని,medium
telugu_ov,Isaiah,1,23,merged_word,తండ్రిలేనివారిపక్షమున,medium
telugu_ov,Isaiah,2,14,merged_word,ఉన్నతపర్వతములకన్నిటికిని,medium
telugu_ov,Isaiah,8,19,merged_word,కర్ణపిశాచిగలవారియొద్దకును,medium
telugu_ov,Isaiah,9,3,merged_word,విస్తరింపజేయుచున్నావు,medium
telugu_ov,Isaiah,10,2,merged_word,తలిదండ్రులులేనివారిని,medium
telugu_ov,Isaiah,10,8,merged_word,అతడిట్లనుకొనుచున్నాడు,medium
telugu_ov,Isaiah,11,11,merged_word,సముద్రద్వీపములలోనుండియు,medium
telugu_ov,Isaiah,14,19,merged_word,దిగుచున్నవానివలెనున్నావు,medium
telugu_ov,Isaiah,16,8,merged_word,అరణ్యములోనికిప్రాకెను,medium
telugu_ov,Isaiah,17,6,merged_word,మిగిలియుండునట్లుదానిలో,medium
telugu_ov,Isaiah,19,3,merged_word,కర్ణపిశాచిగలవారియొద్దకును,medium
telugu_ov,Isaiah,19,17,merged_word,ఉద్దేశించినదానినిబట్టి,medium
telugu_ov,Isaiah,21,16,merged_word,సెలవిచ్చియున్నాడుకూలి,medium
telugu_ov,Isaiah,22,16,merged_word,తొలిపించుకొనుచున్నాడు,medium
telugu_ov,Isaiah,22,16,merged_word,తొలిపించుకొనుచున్నాడు,medium
telugu_ov,Isaiah,24,4,merged_word,క్షీణించిపోవుచున్నారు,medium
telugu_ov,Isaiah,24,15,merged_word,తూర్పుదిశనున్నవారలారా,medium
telugu_ov,Isaiah,25,6,char:latin_in_telugu,ఈ పర్వతముమీద సైన్యములకధిపతియగు యెహోవా సమస్తజనముల నిమిత్తము క్రొవ్వినవాటితో విందు,low
telugu_ov,Isaiah,26,8,merged_word,కనిపెట్టుకొనుచున్నాము,medium
telugu_ov,Isaiah,33,2,merged_word,రక్షణాధారముగానుఉండుము,medium
telugu_ov,Isaiah,44,13,merged_word,నరసౌందర్యముగలదానిగాను,medium
telugu_ov,Isaiah,45,18,merged_word,నిరాకారముగానుండునట్లు,medium
telugu_ov,Isaiah,49,20,merged_word,సంతానహీనురాలవైనప్పుడు,medium
telugu_ov,Isaiah,53,10,merged_word,అపరాధపరిహారార్థబలిచేయగా,medium
telugu_ov,Isaiah,55,2,merged_word,ప్రాణముసారమైనదానియందు,medium
telugu_ov,Isaiah,57,1,merged_word,తీసికొనిపోబడుచున్నారు,medium
telugu_ov,Isaiah,57,15,merged_word,దీనమనస్సుగలవారియొద్దను,medium
telugu_ov,Isaiah,59,9,merged_word,కనిపెట్టుకొనుచున్నాము,medium
telugu_ov,Isaiah,59,10,merged_word,బ్రతుకుచున్నవారిలోనుండియు,medium
telugu_ov,Isaiah,60,15,merged_word,విసర్జింపబడుటనుబట్టియు,medium
telugu_ov,Isaiah,60,17,merged_word,నీకధికారులుగానునీతిని,medium
telugu_ov,Isaiah,61,7,merged_word,దేశములోరెట్టింపుభాగమునకు,medium
telugu_ov,Isaiah,63,7,merged_word,చేసినవాటన్నిటినిబట్టి,medium
telugu_ov,Isaiah,63,19,merged_word,పెట్టబడనివారివలెనైతివిు,medium
telugu_ov,Isaiah,64,6,merged_word,అపవిత్రులవంటివారమైతివిు,medium
telugu_ov,Isaiah,64,6,merged_word,కొట్టుకొనిపోవునట్లుగా,medium
telugu_ov,Isaiah,64,7,merged_word,ప్రోత్సాహపరచుకొనువాడు,medium
telugu_ov,Isaiah,65,7,merged_word,దూషించినదానినిబట్టియు,medium
telugu_ov,Isaiah,65,9,merged_word,స్వాధీనపరచుకొనువారిని,medium
telugu_ov,Isaiah,65,15,merged_word,నేనేర్పరచుకొనినవారికి,medium
telugu_ov,Isaiah,65,23,merged_word,ఆశీర్వదింపబడినవారగుదురు,medium
telugu_ov,Jeremiah,2,13,merged_word,తొలిపించుకొనియున్నారు,medium
telugu_ov,Jeremiah,3,6,merged_word,సెలవిచ్చెనుద్రోహినియగు,medium
telugu_ov,Jeremiah,3,20,merged_word,విశ్వాసఘాతకురాలగునట్లుగా,medium
telugu_ov,Jeremiah,6,8,merged_word,తొలగింపబడకుండునట్లును,medium
telugu_ov,Jeremiah,6,9,merged_word,చున్నాడుద్రాక్షచెట్టు,medium
telugu_ov,Jeremiah,8,6,merged_word,పశ్చాత్తాపపడువాడొకడును,medium
telugu_ov,Jeremiah,8,15,merged_word,కనిపెట్టుకొనుచున్నాము,medium
telugu_ov,Jeremiah,8,15,merged_word,కనిపెట్టుచున్నాముగాని,medium
telugu_ov,Jeremiah,9,6,merged_word,తెలిసికొననొల్లకున్నారు,medium
telugu_ov,Jeremiah,9,8,merged_word,వంచనాభిప్రాయముంచుకొని,medium
telugu_ov,Jeremiah,19,13,merged_word,పానార్పణములనర్పించుదురో,medium
telugu_ov,Jeremiah,19,15,merged_word,పట్టణములన్నిటిమీదికిని,medium
telugu_ov,Jeremiah,21,2,merged_word,అద్భుతకార్యములన్నిటిని,medium
telugu_ov,Jeremiah,25,3,merged_word,ప్రత్యక్షమగుచువచ్చెను,medium
telugu_ov,Jeremiah,29,14,merged_word,స్థలములన్నిటిలోనుండియు,medium
telugu_ov,Jeremiah,30,13,merged_word,వ్యాజ్యెమాడువాడెవడును,medium
telugu_ov,Jeremiah,35,7,merged_word,దీర్ఘాయుష్మంతులగునట్లు,medium
telugu_ov,Jeremiah,35,17,merged_word,ప్రత్యుత్తరమియ్యకపోయిరి,medium
telugu_ov,Jeremiah,40,1,merged_word,రాజదేహసంరక్షకులకధిపతియైన,medium
telugu_ov,Jeremiah,42,4,merged_word,వారికుత్తరమిచ్చినదేమనగా,medium
telugu_ov,Jeremiah,42,20,merged_word,మోసపుచ్చుకొనుచున్నారు,medium
telugu_ov,Jeremiah,43,6,merged_word,దేహసంరక్షకులకధిపతియగు,medium
telugu_ov,Jeremiah,44,23,merged_word,ధర్మశాస్త్రమునుబట్టియు,medium
telugu_ov,Jeremiah,46,6,merged_word,తప్పించుకొనజాలకున్నారు,medium
telugu_ov,Jeremiah,46,6,merged_word,తొట్రిల్లిపడుచున్నారు,medium
telugu_ov,Jeremiah,48,18,merged_word,దిగిరమ్ముఎండినదేశములో,medium
telugu_ov,Jeremiah,49,35,merged_word,సెలవిచ్చెనుసైన్యములకధిపతి,medium
telugu_ov,Jeremiah,51,20,merged_word,గండ్రగొడ్డలివంటివాడవు,medium
telugu_ov,Jeremiah,51,51,merged_word,పరిశుద్ధస్థలములలోనికి,medium
telugu_ov,Lamentations,1,7,merged_word,విశ్రాంతిదినములనుబట్టి,medium
telugu_ov,Lamentations,1,22,merged_word,అపరాధములన్నిటినిబట్టి,medium
telugu_ov,Lamentations,3,34,merged_word,చెరపట్టబడినవారినందరిని,medium
telugu_ov,Ezekiel,3,14,merged_word,కొట్టుకొనిపోయినప్పుడు,medium
telugu_ov,Ezekiel,4,8,merged_word,ముట్టడివేయబడినట్లుండు,medium
telugu_ov,Ezekiel,7,25,merged_word,విచారించుచున్నారుగాని,medium
telugu_ov,Ezekiel,8,6,merged_word,సెలవిచ్చెనునరపుత్రుడా,medium
telugu_ov,Ezekiel,12,10,merged_word,ఇశ్రాయేలీయులకందరికిని,medium
telugu_ov,Ezekiel,16,43,merged_word,హేయక్రియలన్నిటికంటెను,medium
telugu_ov,Ezekiel,21,11,merged_word,మెరుగుపెట్టువానియొద్ద,medium
telugu_ov,Ezekiel,22,26,merged_word,ప్రతిష్ఠితమైనదానికిని,medium
telugu_ov,Ezekiel,23,13,merged_word,ప్రవర్తించుచున్నారనియు,medium
telugu_ov,Ezekiel,23,23,merged_word,ప్రధానాధికారులనందరిని,medium
telugu_ov,Ezekiel,26,7,merged_word,ఉత్తరదిక్కునుండివచ్చి,medium
telugu_ov,Ezekiel,31,16,merged_word,శ్రేష్ఠవృక్షములన్నియు,medium
telugu_ov,Ezekiel,31,18,merged_word,సున్నతినొందనివారియొద్దను,medium
telugu_ov,Ezekiel,33,29,merged_word,హేయక్రియలన్నిటినిబట్టి,medium
telugu_ov,Ezekiel,43,11,merged_word,చేసినవాటన్నిటినిబట్టి,medium
telugu_ov,Ezekiel,44,5,merged_word,పరిశుద్ధస్థలములోనుండి,medium
telugu_ov,Ezekiel,44,17,merged_word,పరిచర్యచేయునప్పుడెల్ల,medium
telugu_ov,Ezekiel,44,19,merged_word,ప్రతిష్ఠింపకుండునట్లు,medium
telugu_ov,Ezekiel,45,1,merged_word,సరిహద్దులన్నిటిలోగానున్న,medium
telugu_ov,Ezekiel,48,21,merged_word,ప్రతిష్ఠితస్థానమునకును,medium
telugu_ov,Daniel,2,21,merged_word,అనుగ్రహించువాడునైయున్నాడు,medium
telugu_ov,Daniel,3,3,merged_word,ధర్మశాస్త్రవిధాయకులును,medium
telugu_ov,Daniel,6,7,char:latin_in_telugu,"రాజ్యపు ప్రధానులు సేనాధిపతులు అధిపతులు మంత్రులు సంస్థానాధిపతులు అందరును కూడి, రా",low
telugu_ov,Daniel,9,18,merged_word,స్వనీతికార్యములనుబట్టి,medium
telugu_ov,Hosea,2,5,merged_word,వెంటాడుదుననుకొనుచున్నది,medium
telugu_ov,Hosea,2,13,merged_word,వెంటాడియుండుటనుబట్టియు,medium
telugu_ov,Hosea,5,10,merged_word,తీసివేయువారివలెనున్నారు,medium
telugu_ov,Hosea,9,1,merged_word,కళ్లములన్నిటిమీదనున్న,medium
telugu_ov,Joel,1,15,merged_word,సర్వశక్తునియొద్దనుండి,medium
telugu_ov,Joel,2,13,merged_word,అత్యంతకృపగలవాడునైయుండి,medium
telugu_ov,Joel,2,32,merged_word,తప్పించుకొనినవారుందురు,medium
telugu_ov,Amos,3,2,merged_word,దోషక్రియలన్నిటినిబట్టి,medium
telugu_ov,Amos,5,21,merged_word,అసహ్యించుకొనుచున్నాను,medium
telugu_ov,Amos,9,11,merged_word,స్వతంత్రించుకొనునట్లు,medium
telugu_ov,Micah,2,3,merged_word,తప్పించుకొనలేకుండునంతగాను,medium
telugu_ov,Micah,2,11,merged_word,ద్రాక్షారసమునుబట్టియు,medium
telugu_ov,Micah,3,8,merged_word,నింపబడినవాడనైయున్నాను,medium
telugu_ov,Micah,4,4,merged_word,ద్రాక్షచెట్టుక్రిందను,medium
telugu_ov,Nahum,4,1,structural:missing_verse,,high
telugu_ov,Nahum,4,2,structural:missing_verse,,high
telugu_ov,Nahum,4,3,structural:missing_verse,,high
telugu_ov,Habakkuk,1,15,merged_word,చిక్కించుకొనుచున్నాడు,medium
telugu_ov,Habakkuk,2,6,merged_word,యభివృద్ధినొందినవానికి,medium
telugu_ov,Zephaniah,1,11,merged_word,సమకూర్చుకొనినవారందరును,medium
telugu_ov,Zephaniah,3,19,merged_word,హింసపెట్టువారినందరిని,medium
telugu_ov,Malachi,1,6,merged_word,నిర్లక్ష్యపెట్టితిమని,medium
telugu_ov,Malachi,4,4,merged_word,ఇశ్రాయేలీయులందరికొరకై,medium
telugu_ov,Matthew,5,32,merged_word,వ్యభిచారకారణమునుబట్టి,medium
telugu_ov,Matthew,10,5,merged_word,వారికాజ్ఞాపించినదేమనగా,medium
telugu_ov,Matthew,11,12,merged_word,నాక్రమించుకొనుచున్నారు,medium
telugu_ov,Matthew,11,17,merged_word,రొమ్ముకొట్టుకొనరైతిరని,medium
telugu_ov,Matthew,14,2,merged_word,క్రియారూపకములగుచున్నవని,medium
telugu_ov,Matthew,16,13,merged_word,వచ్చిమనుష్యకుమారుడెవడని,medium
telugu_ov,Matthew,16,14,merged_word,చెప్పుకొనుచున్నారనిరి,medium
telugu_ov,Matthew,19,10,merged_word,శిష్యులుభార్యాభర్తలకుండు,medium
telugu_ov,Matthew,23,20,merged_word,ఒట్టుపెట్టుకొనుచున్నాడు,medium
telugu_ov,Matthew,23,21,merged_word,ఒట్టుపెట్టుకొనుచున్నాడు,medium
telugu_ov,Matthew,27,3,merged_word,ప్రధానయాజకులయొద్దకును,medium
telugu_ov,Mark,1,40,merged_word,మోకాళ్లూనినీకిష్టమైతే,medium
telugu_ov,Mark,2,12,merged_word,విభ్రాంతినొందిమనమీలాటి,medium
telugu_ov,Mark,6,14,merged_word,క్రియారూపకములగుచున్నవని,medium
telugu_ov,Mark,7,3,merged_word,పారంపర్యాచారమునుబట్టి,medium
telugu_ov,Mark,7,5,merged_word,పారంపర్యాచారముచొప్పున,medium
telugu_ov,Mark,9,25,merged_word,వానిలోప్రవేశింపవద్దని,medium
telugu_ov,Mark,14,43,merged_word,ప్రధానయాజకులయొద్దనుండియు,medium
telugu_ov,Mark,14,43,merged_word,శాస్త్రులయొద్దనుండియు,medium
telugu_ov,Luke,2,38,merged_word,కనిపెట్టుచున్నవారందరితో,medium
telugu_ov,Luke,3,16,merged_word,బాప్తిస్మమిచ్చుచున్నాను,medium
telugu_ov,Luke,4,40,merged_word,సూర్యుడస్తమించుచుండగా,medium
telugu_ov,Luke,7,30,merged_word,ధర్మశాస్త్రోపదేశకులును,medium
telugu_ov,Luke,9,44,merged_word,అప్పగింపబడబోవుచున్నాడని,medium
telugu_ov,Luke,11,45,merged_word,ధర్మశాస్త్రోపదేశకుడొకడు,medium
telugu_ov,Luke,11,52,merged_word,ధర్మశాస్త్రోపదేశకులారా,medium
telugu_ov,Luke,12,14,merged_word,పంచిపెట్టువానిగానైనను,medium
telugu_ov,Luke,17,4,merged_word,నీవైపుతిరిగిమారుమనస్సు,medium
telugu_ov,Luke,18,29,merged_word,విడిచిపెట్టినవాడెవడును,medium
telugu_ov,Luke,22,9,merged_word,సిద్ధపరచగోరుచున్నావని,medium
telugu_ov,Luke,23,46,merged_word,అప్పగించుకొనుచున్నాననెను,medium
telugu_ov,John,1,25,merged_word,బాప్తిస్మమిచ్చుచున్నావని,medium
telugu_ov,John,1,26,merged_word,బాప్తిస్మమిచ్చుచున్నాను,medium
telugu_ov,John,3,11,merged_word,సాక్ష్యమిచ్చుచున్నాము,medium
telugu_ov,John,3,27,merged_word,అనుగ్రహింపబడితేనేగాని,medium
telugu_ov,John,3,29,merged_word,పెండ్లికుమార్తెగలవాడు,medium
telugu_ov,John,6,15,merged_word,పట్టుకొనబోవుచున్నారని,medium
telugu_ov,John,7,39,merged_word,అనుగ్రహింపబడియుండలేదు,medium
telugu_ov,John,7,45,merged_word,ప్రధానయాజకులయొద్దకును,medium
telugu_ov,John,8,18,merged_word,సాక్ష్యమిచ్చుచున్నాడని,medium
telugu_ov,John,10,1,merged_word,దోచుకొనువాడునైయున్నాడు,medium
telugu_ov,John,17,21,merged_word,విశ్వాసముంచువారందరును,medium
telugu_ov,John,18,24,merged_word,బంధింపబడియున్నట్టుగానే,medium
telugu_ov,Acts,5,28,char:latin_in_telugu,ప్రధానయాజకుడు వారిని చూచిమీరు ఈ నామమునుబట్టి బోధింప కూడdదని మేము మీకు ఖండితముగా ,low
telugu_ov,Acts,5,29,merged_word,అపొస్తలులునుమనుష్యలకు,medium
telugu_ov,Acts,5,34,merged_word,ధర్మశాస్త్రోపదేశకుడునైన,medium
telugu_ov,Acts,6,1,merged_word,విస్తరించుచున్నప్పుడు,medium
telugu_ov,Acts,7,45,merged_word,స్వాధీనపరచుకొన్నప్పుడు,medium
telugu_ov,Acts,8,13,merged_word,నమ్మిబాప్తిస్మముపొంది,medium
telugu_ov,Acts,9,31,merged_word,క్షేమాభివృద్ధినొందుచు,medium
telugu_ov,Acts,10,42,merged_word,దృఢసాక్ష్యమియ్యవలెనని,medium
telugu_ov,Acts,19,2,merged_word,పరిశుద్ధాత్ముడున్నాడన్న,medium
telugu_ov,Acts,19,18,merged_word,తెలియజేసియొప్పుకొనిరి,medium
telugu_ov,Acts,20,23,merged_word,సాక్ష్యమిచ్చుచున్నాడని,medium
telugu_ov,Acts,20,32,merged_word,స్వాస్థ్యమనుగ్రహించుటకును,medium
telugu_ov,Acts,23,6,merged_word,విమర్శింపబడుచున్నానని,medium
telugu_ov,Acts,23,11,merged_word,మియ్యవలసియున్నదనిచెప్పెను,medium
telugu_ov,Acts,24,3,merged_word,దిద్దుబాటవుచున్నవనియు,medium
telugu_ov,Acts,26,3,merged_word,చెప్పుకొనబోవుచున్నందుకు,medium
telugu_ov,Acts,28,23,merged_word,ధర్మశాస్త్రములోనుండియు,medium
telugu_ov,Romans,1,2,merged_word,ప్రత్యేకింపబడినవాడునైన,medium
telugu_ov,Romans,1,30,merged_word,తలిదండ్రులకవిధేయులును,medium
telugu_ov,Romans,2,12,merged_word,ధర్మశాస్త్రానుసారముగా,medium
telugu_ov,Romans,2,14,merged_word,ధర్మశాస్త్రమైనట్టున్నారు,medium
telugu_ov,Romans,3,21,merged_word,సాక్ష్యమిచ్చుచున్నారు,medium
telugu_ov,Romans,4,16,merged_word,ధర్మశాస్త్రముగలవారికి,medium
telugu_ov,Romans,8,1,merged_word,క్రీస్తుయేసునందున్నవారికి,medium
telugu_ov,Romans,8,16,merged_word,సాక్ష్యమిచ్చుచున్నాడు,medium
telugu_ov,Romans,8,22,merged_word,ప్రసవవేదనపడుచునున్నదని,medium
telugu_ov,Romans,8,26,merged_word,విజ్ఞాపనముచేయుచున్నాడు,medium
telugu_ov,Romans,10,12,merged_word,ప్రార్థనచేయువారందరియెడల,medium
telugu_ov,Romans,10,15,merged_word,ప్రకటించువారిపాదములెంతో,medium
telugu_ov,Romans,12,3,merged_word,స్వస్థబుద్ధిగలవాడగుటకై,medium
telugu_ov,Romans,13,11,merged_word,విశ్వాసులమైనప్పటికంటె,medium
telugu_ov,1 Corinthians,1,2,merged_word,ప్రార్థించువారికందరికిని,medium
telugu_ov,1 Corinthians,1,16,merged_word,బాప్తిస్మమిచ్చితినేమో,medium
telugu_ov,1 Corinthians,3,22,merged_word,ప్రస్తుతమందున్నవియైనను,medium
telugu_ov,1 Corinthians,4,18,merged_word,కొందరుప్పొంగుచున్నారు,medium
telugu_ov,1 Corinthians,7,9,merged_word,పెండ్లిచేసికొనవచ్చును,medium
telugu_ov,1 Corinthians,7,11,merged_word,పెండ్లిచేసికొనకుండవలెను,medium
telugu_ov,1 Corinthians,7,34,merged_word,పవిత్రురాండ్రయియుండుటకు,medium
telugu_ov,1 Corinthians,9,13,merged_word,కనిపెట్టుకొనియుండువారు,medium
telugu_ov,1 Corinthians,9,14,merged_word,ప్రభువునియమించియున్నాడు,medium
telugu_ov,1 Corinthians,10,17,merged_word,పాలుపుచ్చుకొనుచున్నాము,medium
telugu_ov,1 Corinthians,11,25,merged_word,త్రాగునప్పుడెల్లనన్ను,medium
telugu_ov,1 Corinthians,15,19,merged_word,నిరీక్షించువారమైనయెడల,medium
telugu_ov,1 Corinthians,16,5,merged_word,వెళ్లనుద్దేశించుచున్నాను,medium
telugu_ov,2 Corinthians,1,3,merged_word,యేసుక్రీస్తుతండ్రియునైన,medium
telugu_ov,2 Corinthians,2,17,merged_word,నిష్కాపట్యముగలవారమును,medium
telugu_ov,2 Corinthians,5,11,merged_word,ప్రత్యక్షపరచబడినవారము,medium
telugu_ov,2 Corinthians,5,11,merged_word,ప్రత్యక్షపరచబడియున్నామని,medium
telugu_ov,2 Corinthians,5,13,merged_word,స్వస్థబుద్ధిగలవారమైతిమా,medium
telugu_ov,2 Corinthians,6,8,merged_word,మెప్పించుకొనుచున్నాము,medium
telugu_ov,2 Corinthians,6,9,merged_word,తెలియబడనివారమైనట్లుండియు,medium
telugu_ov,2 Corinthians,7,15,merged_word,జ్ఞాపకముచేసికొనుచుండగా,medium
telugu_ov,2 Corinthians,8,4,merged_word,సాక్ష్యమిచ్చుచున్నాను,medium
telugu_ov,2 Corinthians,8,7,merged_word,అభివృద్ధిపొందుచున్నారో,medium
telugu_ov,Galatians,2,9,merged_word,సున్నతిపొందినవారికిని,medium
telugu_ov,Galatians,3,1,merged_word,సిలువవేయబడినవాడైనట్టుగా,medium
telugu_ov,Galatians,3,2,merged_word,తెలిసికొనగోరుచున్నాను,medium
telugu_ov,Galatians,3,21,merged_word,నీతిధర్మశాస్త్రమూలముగానే,medium
telugu_ov,Galatians,5,6,merged_word,యేసుక్రీస్తునందుండువారికి,medium
telugu_ov,Galatians,5,6,merged_word,సున్నతిపొందుటయందేమియు,medium
telugu_ov,Galatians,6,15,merged_word,సున్నతిపొందుటయందేమియు,medium
telugu_ov,Ephesians,1,7,merged_word,కృపామహదైశ్వర్యమునుబట్టి,medium
telugu_ov,Ephesians,2,12,merged_word,దేవుడులేనివారునైయుండి,medium
telugu_ov,Ephesians,3,20,merged_word,ఊహించువాటన్నిటికంటెను,medium
telugu_ov,Ephesians,4,11,merged_word,సంపూర్ణపురుషులమగువరకు,medium
telugu_ov,Ephesians,4,17,merged_word,సాక్ష్యమిచ్చుచున్నాను,medium
telugu_ov,Ephesians,4,21,merged_word,ఉపదేశింపబడినవారైనయెడల,medium
telugu_ov,Ephesians,5,5,merged_word,దేవునియొక్కయురాజ్యమునకు,medium
telugu_ov,Ephesians,5,28,merged_word,ప్రేమించుకొనుచున్నాడు,medium
telugu_ov,Philippians,1,9,merged_word,అభివృద్ధిపొందవలెననియు,medium
telugu_ov,Philippians,1,12,merged_word,తెలిసికొనగోరుచున్నాను,medium
telugu_ov,Philippians,1,17,merged_word,నియమింపబడియున్నాననియెరిగి,medium
telugu_ov,Philippians,3,20,merged_word,కనిపెట్టుకొనియున్నాము,medium
telugu_ov,Philippians,4,12,merged_word,సమృద్ధికలిగియుండుటకును,medium
telugu_ov,Colossians,4,13,merged_word,సాక్ష్యమిచ్చుచున్నాను,medium
telugu_ov,1 Thessalonians,4,10,merged_word,వృద్ధినొందుచుండవలెననియు,medium
telugu_ov,2 Thessalonians,1,3,merged_word,అభివృద్ధిపొందుచున్నది,medium
telugu_ov,1 Timothy,4,10,merged_word,నిరీక్షణనుంచియున్నాము,medium
telugu_ov,1 Timothy,5,4,merged_word,దృష్టికనుకూలమైయున్నది,medium
telugu_ov,1 Timothy,6,16,merged_word,అమరత్వముగలవాడైయున్నాడు,medium
telugu_ov,2 Timothy,1,13,merged_word,క్రీస్తుయేసునందుంచవలసిన,medium
telugu_ov,Titus,4,1,structural:missing_verse,,high
telugu_ov,Titus,4,2,structural:missing_verse,,high
telugu_ov,Titus,4,3,structural:missing_verse,,high
telugu_ov,Titus,4,4,structural:missing_verse,,high
telugu_ov,Titus,4,5,structural:missing_verse,,high
telugu_ov,Titus,4,6,structural:missing_verse,,high
telugu_ov,Titus,4,7,structural:missing_verse,,high
telugu_ov,Titus,4,8,structural:missing_verse,,high
telugu_ov,Titus,4,9,structural:missing_verse,,high
telugu_ov,Titus,4,10,structural:missing_verse,,high
telugu_ov,Titus,4,11,structural:missing_verse,,high
telugu_ov,Titus,4,12,structural:missing_verse,,high
telugu_ov,Titus,4,13,structural:missing_verse,,high
telugu_ov,Titus,4,14,structural:missing_verse,,high
telugu_ov,Titus,4,15,structural:missing_verse,,high
telugu_ov,Titus,4,16,structural:missing_verse,,high
telugu_ov,Titus,4,17,structural:missing_verse,,high
telugu_ov,Titus,4,18,structural:missing_verse,,high
telugu_ov,Philemon,1,14,merged_word,స్వేచ్ఛాపూర్వకమైనదిగా,medium
telugu_ov,Hebrews,2,6,merged_word,సాక్ష్యమిచ్చుచున్నాడు,medium
telugu_ov,Hebrews,2,11,merged_word,పరిశుద్ధపరచబడువారికిని,medium
telugu_ov,Hebrews,4,13,merged_word,యొప్పచెప్పవలసియున్నదో,medium
telugu_ov,Hebrews,9,23,merged_word,శుద్ధిచేయబడవలసియుండెను,medium
telugu_ov,Hebrews,10,10,merged_word,పరిశుద్ధపరచబడియున్నాము,medium
telugu_ov,Hebrews,11,1,merged_word,నిరీక్షింపబడువాటియొక్క,medium
telugu_ov,Hebrews,11,15,merged_word,జ్ఞాపకమందుంచుకొన్నయెడల,medium
telugu_ov,Hebrews,12,25,merged_word,తప్పించుకొనకపోయినయెడల,medium
telugu_ov,Hebrews,13,17,merged_word,ఒప్పచెప్పవలసినవారివలె,medium
telugu_ov,Hebrews,13,24,merged_word,నాయకులైనవారికందరికిని,medium
telugu_ov,James,1,22,merged_word,ప్రవర్తించువారునైయుండుడి,medium
telugu_ov,1 Peter,3,20,merged_word,కనిపెట్టుచుండినప్పుడు,medium
telugu_ov,1 Peter,3,20,merged_word,అవిధేయులైనవారియొద్దకు,medium
telugu_ov,1 Peter,4,5,merged_word,వారుత్తరవాదులైయున్నారు,medium
telugu_ov,2 Peter,1,9,merged_word,దూరదృష్టిలేనివాడునగును,medium
telugu_ov,2 Peter,1,13,merged_word,పెట్టవలసివచ్చుననియెరిగి,medium
telugu_ov,2 Peter,1,15,merged_word,జ్ఞాపకముచేసికొనునట్లు,medium
telugu_ov,2 Peter,3,8,merged_word,వెయ్యిసంవత్సరములవలెను,medium
telugu_ov,2 John,1,3,merged_word,యేసుక్రీస్తునొద్దనుండియు,medium
telugu_ov,3 John,1,12,merged_word,సాక్ష్యమిచ్చుచున్నాము,medium
telugu_ov,Jude,1,10,merged_word,నాశనముచేసికొనుచున్నారు,medium
telugu_ov,Jude,1,20,merged_word,అతిపరిశుద్దమైనదానిమీద,medium
telugu_ov,Revelation,8,12,merged_word,ప్రకాశింపకుండునట్లును,medium
telugu_ov,Revelation,9,17,merged_word,కూర్చుండియున్నవారికిని,medium
telugu_ov,Revelation,11,6,merged_word,వారికిష్టమైనప్పుడెల్ల,medium
telugu_ov,Revelation,18,4,merged_word,పాలివారుకాకుండునట్లును,medium
telugu_ov,Revelation,18,4,merged_word,ప్రాప్తింపకుండునట్లును,medium
telugu_ov,Revelation,21,5,merged_word,సింహాసనాసీనుడైయున్నవాడు,medium
telugu_irv,Exodus,3,23,structural:missing_verse,,high
telugu_irv,Exodus,3,24,structural:missing_verse,,high
telugu_irv,Exodus,3,25,structural:missing_verse,,high
telugu_irv,Exodus,3,26,structural:missing_verse,,high
telugu_irv,Exodus,3,27,structural:missing_verse,,high
telugu_irv,Exodus,5,24,structural:missing_verse,,high
telugu_irv,Exodus,5,25,structural:missing_verse,,high
telugu_irv,Exodus,5,26,structural:missing_verse,,high
telugu_irv,Exodus,5,27,structural:missing_verse,,high
telugu_irv,Exodus,5,28,structural:missing_verse,,high
telugu_irv,Exodus,5,29,structural:missing_verse,,high
telugu_irv,Exodus,5,30,structural:missing_verse,,high
telugu_irv,Exodus,7,26,structural:missing_verse,,high
telugu_irv,Exodus,7,27,structural:missing_verse,,high
telugu_irv,Exodus,7,28,structural:missing_verse,,high
telugu_irv,Exodus,7,29,structural:missing_verse,,high
telugu_irv,Exodus,7,30,structural:missing_verse,,high
telugu_irv,Exodus,7,31,structural:missing_verse,,high
telugu_irv,Exodus,7,32,structural:missing_verse,,high
telugu_irv,Exodus,7,33,structural:missing_verse,,high
telugu_irv,Exodus,7,34,structural:missing_verse,,high
telugu_irv,Exodus,17,17,structural:missing_verse,,high
telugu_irv,Exodus,17,18,structural:missing_verse,,high
telugu_irv,Exodus,17,19,structural:missing_verse,,high
telugu_irv,Exodus,17,20,structural:missing_verse,,high
telugu_irv,Exodus,17,21,structural:missing_verse,,high
telugu_irv,Exodus,17,22,structural:missing_verse,,high
telugu_irv,Exodus,17,23,structural:missing_verse,,high
telugu_irv,Exodus,17,24,structural:missing_verse,,high
telugu_irv,Exodus,17,25,structural:missing_verse,,high
telugu_irv,Exodus,17,26,structural:missing_verse,,high
telugu_irv,Exodus,17,27,structural:missing_verse,,high
telugu_irv,Exodus,19,26,structural:missing_verse,,high
telugu_irv,Exodus,19,27,structural:missing_verse,,high
telugu_irv,Exodus,19,28,structural:missing_verse,,high
telugu_irv,Exodus,19,29,structural:missing_verse,,high
telugu_irv,Exodus,19,30,structural:missing_verse,,high
telugu_irv,Exodus,19,31,structural:missing_verse,,high
telugu_irv,Exodus,19,32,structural:missing_verse,,high
telugu_irv,Exodus,19,33,structural:missing_verse,,high
telugu_irv,Exodus,19,34,structural:missing_verse,,high
telugu_irv,Exodus,19,35,structural:missing_verse,,high
telugu_irv,Exodus,19,36,structural:missing_verse,,high
telugu_irv,Exodus,19,37,structural:missing_verse,,high
telugu_irv,Exodus,19,38,structural:missing_verse,,high
telugu_irv,Leviticus,17,17,structural:missing_verse,,high
telugu_irv,Leviticus,17,18,structural:missing_verse,,high
telugu_irv,Leviticus,17,19,structural:missing_verse,,high
telugu_irv,Leviticus,17,20,structural:missing_verse,,high
telugu_irv,Leviticus,17,21,structural:missing_verse,,high
telugu_irv,Leviticus,17,22,structural:missing_verse,,high
telugu_irv,Leviticus,17,23,structural:missing_verse,,high
telugu_irv,Leviticus,17,24,structural:missing_verse,,high
telugu_irv,Leviticus,17,25,structural:missing_verse,,high
telugu_irv,Leviticus,17,26,structural:missing_verse,,high
telugu_irv,Leviticus,17,27,structural:missing_verse,,high
telugu_irv,Leviticus,22,18,merged_word,స్వేచ్ఛార్పణగానివ్వండి,medium
telugu_irv,Leviticus,27,13,merged_word,విడిపించుకోవాలనుకుంటే,medium
telugu_irv,Leviticus,27,15,merged_word,విడిపించుకోవాలనుకుంటే,medium
telugu_irv,Leviticus,27,19,merged_word,విడిపించుకోవాలనుకుంటే,medium
telugu_irv,Numbers,6,9,merged_word,కత్తిరించుకోవాలన్నమాట,medium
telugu_irv,Numbers,15,3,merged_word,అర్పించాలనుకున్నారనుకోండి,medium
telugu_irv,Numbers,20,17,merged_word,ద్రాక్షతోటల్లోనుంచైనా,medium
telugu_irv,Deuteronomy,5,33,merged_word,దీర్ఘాయుష్మంతులయ్యేలా,medium
telugu_irv,Deuteronomy,12,11,merged_word,ఆజ్ఞాపించేవాటన్నిటిననీ,medium
telugu_irv,Deuteronomy,18,12,merged_word,వెళ్లగొట్టేస్తున్నాడు,medium
telugu_irv,Deuteronomy,22,7,merged_word,దీర్ఘాయుష్మంతులయ్యేలా,medium
telugu_irv,Deuteronomy,32,47,merged_word,దీర్ఘాయుష్మంతులవుతారు,medium
telugu_irv,Joshua,8,29,merged_word,పొద్దుగుంకుతున్నప్పుడు,medium
telugu_irv,Judges,3,24,merged_word,చేస్తున్నాడనుకున్నారు,medium
telugu_irv,Judges,9,8,merged_word,అభిషేకించుకోవాలనుకుని,medium
telugu_irv,Ruth,3,2,merged_word,తూర్పారబట్టబోతున్నాడు,medium
telugu_irv,1 Samuel,25,21,merged_word,ఆస్తిపాస్తులన్నింటిలో,medium
telugu_irv,2 Samuel,19,19,merged_word,విడిచివెళ్తున్నప్పుడు,medium
telugu_irv,1 Chronicles,13,2,merged_word,నివాసప్రదేశాలన్నిట్లో,medium
telugu_irv,2 Chronicles,28,10,merged_word,చేసుకోవాలనుకుంటున్నారు,medium
telugu_irv,2 Chronicles,33,3,merged_word,ఆకాశనక్షత్రాలన్నిటిని,medium
telugu_irv,2 Chronicles,34,33,merged_word,ప్రాంతాలన్నిటిలోనుంచి,medium
telugu_irv,Esther,4,13,merged_word,తప్పించుకుంటావనుకోవద్దు,medium
telugu_irv,Job,31,29,merged_word,అభినందించుకున్నట్టయితే,medium
telugu_irv,Psalms,89,7,merged_word,సంభ్రమాశ్చర్యాలుగొలిపే,medium
telugu_irv,Psalms,105,37,merged_word,తొట్రిల్లేవాడొక్కడైనా,medium
telugu_irv,Psalms,115,12,merged_word,వంశస్థులనాశీర్వదిస్తాడు,medium
telugu_irv,Psalms,119,70,merged_word,ధర్మశాస్త్రాన్నిబట్టి,medium
telugu_irv,Psalms,119,101,merged_word,దుష్టమార్గాలన్నిటిలోనుండి,medium
telugu_irv,Psalms,119,136,merged_word,కన్నీరుమున్నీరైపోతున్నాను,medium
telugu_irv,Isaiah,5,3,merged_word,విన్నవించుకుంటున్నాను,medium
telugu_irv,Isaiah,28,21,merged_word,రెచ్చగొట్టుకున్నట్టుగా,medium
telugu_irv,Isaiah,47,14,merged_word,రక్షించుకోలేకపోతున్నారు,medium
telugu_irv,Isaiah,63,7,merged_word,చేసినవాటన్నిటినిబట్టి,medium
telugu_irv,Jeremiah,11,12,merged_word,విన్నవించుకుంటారుగానీ,medium
telugu_irv,Jeremiah,25,23,merged_word,కత్తిరించుకున్నవాళ్ళు,medium
telugu_irv,Jeremiah,31,12,merged_word,ద్రాక్షామధురసాన్నిబట్టి,medium
telugu_irv,Jeremiah,35,7,merged_word,దీర్ఘాయుష్మంతులయ్యేలా,medium
telugu_irv,Ezekiel,23,23,merged_word,ప్రధానాధికారులనందరిని,medium
telugu_irv,Ezekiel,23,46,merged_word,కొల్లగొట్టుకుపోడానికీ,medium
telugu_irv,Ezekiel,44,22,merged_word,విడిచిపెట్టినవారినైనా,medium
telugu_irv,Daniel,7,19,merged_word,తెలుసుకోవాలనుకున్నాను,medium
telugu_irv,Joel,2,32,merged_word,తప్పించుకున్నవారుంటారు,medium
telugu_irv,Nahum,4,1,structural:missing_verse,,high
telugu_irv,Nahum,4,2,structural:missing_verse,,high
telugu_irv,Nahum,4,3,structural:missing_verse,,high
telugu_irv,Zechariah,8,15,merged_word,చేయనుద్దేశిస్తున్నాను,medium
telugu_irv,Malachi,1,4,merged_word,నిర్మించుకొన్నప్పటికీ,medium
telugu_irv,Malachi,3,16,merged_word,మాట్లాడుకుంటున్నప్పుడు,medium
telugu_irv,Luke,17,33,merged_word,రక్షించుకోవాలనుకునేవాడు,medium
telugu_irv,Acts,7,45,merged_word,స్వాధీనపర్చుకున్నప్పుడు,medium
telugu_irv,2 Corinthians,5,20,merged_word,బతిమాలుకొంటున్నట్టుంది,medium
telugu_irv,Galatians,3,2,merged_word,తెలుసుకోవాలనుకుంటున్న,medium
telugu_irv,Galatians,4,20,merged_word,మాట్లాడాలనుకుంటున్నాను,medium
telugu_irv,Ephesians,6,19,merged_word,మాట్లాడనారంభించినప్పుడు,medium
telugu_irv,Titus,4,1,structural:missing_verse,,high
telugu_irv,Titus,4,2,structural:missing_verse,,high
telugu_irv,Titus,4,3,structural:missing_verse,,high
telugu_irv,Titus,4,4,structural:missing_verse,,high
telugu_irv,Titus,4,5,structural:missing_verse,,high
telugu_irv,Titus,4,6,structural:missing_verse,,high
telugu_irv,Titus,4,7,structural:missing_verse,,high
telugu_irv,Titus,4,8,structural:missing_verse,,high
telugu_irv,Titus,4,9,structural:missing_verse,,high
telugu_irv,Titus,4,10,structural:missing_verse,,high
telugu_irv,Titus,4,11,structural:missing_verse,,high
telugu_irv,Titus,4,12,structural:missing_verse,,high
telugu_irv,Titus,4,13,structural:missing_verse,,high
telugu_irv,Titus,4,14,structural:missing_verse,,high
telugu_irv,Titus,4,15,structural:missing_verse,,high
telugu_irv,Titus,4,16,structural:missing_verse,,high
telugu_irv,Titus,4,17,structural:missing_verse,,high
telugu_irv,Titus,4,18,structural:missing_verse,,high
telugu_irv,1 Peter,1,7,merged_word,ప్రత్యక్షమయ్యేటప్పుడు,medium
telugu_irv,Revelation,3,16,merged_word,ఊసేద్దామనుకుంటున్నాను,medium
telugu_wbtc,Genesis,7,2,merged_word,జంతువులన్నింటిలోనుండి,medium
telugu_wbtc,Genesis,19,14,merged_word,చేస్తున్నాడనుకొన్నారు,medium
telugu_wbtc,Genesis,24,21,merged_word,తెలుసుకోవాలనుకొన్నాడు,medium
telugu_wbtc,Exodus,2,17,merged_word,వెళ్లగొట్టేస్తున్నారు,medium
telugu_wbtc,Exodus,3,23,structural:missing_verse,,high
telugu_wbtc,Exodus,3,24,structural:missing_verse,,high
telugu_wbtc,Exodus,3,25,structural:missing_verse,,high
telugu_wbtc,Exodus,3,26,structural:missing_verse,,high
telugu_wbtc,Exodus,3,27,structural:missing_verse,,high
telugu_wbtc,Exodus,5,24,structural:missing_verse,,high
telugu_wbtc,Exodus,5,25,structural:missing_verse,,high
telugu_wbtc,Exodus,5,26,structural:missing_verse,,high
telugu_wbtc,Exodus,5,27,structural:missing_verse,,high
telugu_wbtc,Exodus,5,28,structural:missing_verse,,high
telugu_wbtc,Exodus,5,29,structural:missing_verse,,high
telugu_wbtc,Exodus,5,30,structural:missing_verse,,high
telugu_wbtc,Exodus,7,26,structural:missing_verse,,high
telugu_wbtc,Exodus,7,27,structural:missing_verse,,high
telugu_wbtc,Exodus,7,28,structural:missing_verse,,high
telugu_wbtc,Exodus,7,29,structural:missing_verse,,high
telugu_wbtc,Exodus,7,30,structural:missing_verse,,high
telugu_wbtc,Exodus,7,31,structural:missing_verse,,high
telugu_wbtc,Exodus,7,32,structural:missing_verse,,high
telugu_wbtc,Exodus,7,33,structural:missing_verse,,high
telugu_wbtc,Exodus,7,34,structural:missing_verse,,high
telugu_wbtc,Exodus,12,19,merged_word,ఇశ్రాయేలీయులందరినుండి,medium
telugu_wbtc,Exodus,17,17,structural:missing_verse,,high
telugu_wbtc,Exodus,17,18,structural:missing_verse,,high
telugu_wbtc,Exodus,17,19,structural:missing_verse,,high
telugu_wbtc,Exodus,17,20,structural:missing_verse,,high
telugu_wbtc,Exodus,17,21,structural:missing_verse,,high
telugu_wbtc,Exodus,17,22,structural:missing_verse,,high
telugu_wbtc,Exodus,17,23,structural:missing_verse,,high
telugu_wbtc,Exodus,17,24,structural:missing_verse,,high
telugu_wbtc,Exodus,17,25,structural:missing_verse,,high
telugu_wbtc,Exodus,17,26,structural:missing_verse,,high
telugu_wbtc,Exodus,17,27,structural:missing_verse,,high
telugu_wbtc,Exodus,19,26,structural:missing_verse,,high
telugu_wbtc,Exodus,19,27,structural:missing_verse,,high
telugu_wbtc,Exodus,19,28,structural:missing_verse,,high
telugu_wbtc,Exodus,19,29,structural:missing_verse,,high
telugu_wbtc,Exodus,19,30,structural:missing_verse,,high
telugu_wbtc,Exodus,19,31,structural:missing_verse,,high
telugu_wbtc,Exodus,19,32,structural:missing_verse,,high
telugu_wbtc,Exodus,19,33,structural:missing_verse,,high
telugu_wbtc,Exodus,19,34,structural:missing_verse,,high
telugu_wbtc,Exodus,19,35,structural:missing_verse,,high
telugu_wbtc,Exodus,19,36,structural:missing_verse,,high
telugu_wbtc,Exodus,19,37,structural:missing_verse,,high
telugu_wbtc,Exodus,19,38,structural:missing_verse,,high
telugu_wbtc,Leviticus,15,31,merged_word,ప్రత్యేకించుకోవాల్సిందిగా,medium
telugu_wbtc,Leviticus,17,17,structural:missing_verse,,high
telugu_wbtc,Leviticus,17,18,structural:missing_verse,,high
telugu_wbtc,Leviticus,17,19,structural:missing_verse,,high
telugu_wbtc,Leviticus,17,20,structural:missing_verse,,high
telugu_wbtc,Leviticus,17,21,structural:missing_verse,,high
telugu_wbtc,Leviticus,17,22,structural:missing_verse,,high
telugu_wbtc,Leviticus,17,23,structural:missing_verse,,high
telugu_wbtc,Leviticus,17,24,structural:missing_verse,,high
telugu_wbtc,Leviticus,17,25,structural:missing_verse,,high
telugu_wbtc,Leviticus,17,26,structural:missing_verse,,high
telugu_wbtc,Leviticus,17,27,structural:missing_verse,,high
telugu_wbtc,Numbers,5,3,merged_word,వ్యాపింపజేయకుండునట్లు,medium
telugu_wbtc,Numbers,6,7,merged_word,ప్రత్యేకించుకొన్నట్టు,medium
telugu_wbtc,Numbers,9,10,merged_word,ఆచరించలేకపోతున్నారేమో,medium
telugu_wbtc,Deuteronomy,15,18,merged_word,వెళ్లిపోనిచ్చినప్పుడు,medium
telugu_wbtc,Deuteronomy,24,8,merged_word,ప్రబోధించేవాటన్నింటినీ,medium
telugu_wbtc,Joshua,8,33,merged_word,ఆశీర్వదించినప్పటిలానే,medium
telugu_wbtc,Judges,9,5,char:latin_in_telugu,అబీమెలెకు ఒఫ్రాలోని తన తండ్రి ఇంటికి వెళ్లాడు. అబీమెలెకు తన సోదరులను చంపివేసాడు.,low
telugu_wbtc,1 Samuel,7,3,merged_word,ఇశ్రాయేలీయులనుద్దేశించి,medium
telugu_wbtc,1 Samuel,18,25,merged_word,తీర్చుకున్నట్లవుతుందని,medium
telugu_wbtc,2 Samuel,8,16,merged_word,సర్వసైన్యాధ్యక్షుడయ్యాడు,medium
telugu_wbtc,2 Samuel,23,7,merged_word,గుచ్చివేసినట్లవుతుంది,medium
telugu_wbtc,1 Kings,9,1,merged_word,నిర్మించదలచుకొన్నవన్నీ,medium
telugu_wbtc,1 Kings,20,6,merged_word,వెదికించాలనుకుంటున్నాను,medium
telugu_wbtc,2 Kings,20,12,merged_word,వ్యాధిగ్రస్తుడైవున్నాడని,medium
telugu_wbtc,2 Chronicles,29,31,merged_word,సమర్పించాలనుకున్నవారు,medium
telugu_wbtc,2 Chronicles,31,16,merged_word,నిర్వర్తించవలిసినవారు,medium
telugu_wbtc,Esther,8,1,merged_word,స్థిరాస్తులున్నింటినీ,medium
telugu_wbtc,Esther,9,2,merged_word,సమకూర్చుకునేందుకుగాను,medium
telugu_wbtc,Job,3,4,merged_word,దేవుడులక్ష్యపెట్టకుండును,medium
telugu_wbtc,Job,9,24,merged_word,చేజిక్కించుకున్నప్పుడు,medium
telugu_wbtc,Psalms,3,1,structural:empty_verse,,high
telugu_wbtc,Psalms,3,2,structural:empty_verse,,high
telugu_wbtc,Psalms,3,3,structural:empty_verse,,high
telugu_wbtc,Psalms,3,4,structural:empty_verse,,high
telugu_wbtc,Psalms,3,5,structural:empty_verse,,high
telugu_wbtc,Psalms,3,6,structural:empty_verse,,high
telugu_wbtc,Psalms,3,7,structural:empty_verse,,high
telugu_wbtc,Psalms,3,8,structural:empty_verse,,high
telugu_wbtc,Psalms,9,1,merged_word,అద్భుతకార్యాలన్నింటిని,medium
telugu_wbtc,Psalms,69,2,merged_word,చుట్టూకొట్టుకొంటున్నాయి,medium
telugu_wbtc,Proverbs,3,4,merged_word,మంచివాడవనిపించుకొందువు,medium
telugu_wbtc,Isaiah,37,3,merged_word,జన్మించాల్సినప్పట్టకీ,medium
telugu_wbtc,Isaiah,50,11,merged_word,జీవించాలనుకొంటున్నారు,medium
telugu_wbtc,Jeremiah,8,10,merged_word,యజమానులకిచ్చివేస్తాను,medium
telugu_wbtc,Jeremiah,14,7,merged_word,కష్టాలనుభవిస్తున్నాము,medium
telugu_wbtc,Jeremiah,21,2,merged_word,తెలుసుకోవాలనుకుంటున్నాము,medium
telugu_wbtc,Jeremiah,29,15,merged_word,ప్రవక్తలనిచ్చియున్నాడు,medium
telugu_wbtc,Jeremiah,38,4,merged_word,అధైర్యపర్చుస్తున్నాడు,medium
telugu_wbtc,Jeremiah,44,27,merged_word,కనిపెట్టుకునివున్నాను,medium
telugu_wbtc,Jeremiah,49,24,merged_word,పారిపోవాలనుకుంటున్నారు,medium
telugu_wbtc,Jeremiah,50,28,merged_word,తప్పించుకొనిపోతున్నారు,medium
telugu_wbtc,Lamentations,2,22,merged_word,తప్పించుకున్నావాడుగాని,medium
telugu_wbtc,Lamentations,5,7,merged_word,కష్టాలనుభవిస్తున్నాము,medium
telugu_wbtc,Ezekiel,1,27,merged_word,ప్రజ్వరిల్లుతున్నట్లు,medium
telugu_wbtc,Ezekiel,3,19,merged_word,రక్షించుకున్నవాడివవుతావు,medium
telugu_wbtc,Ezekiel,20,5,merged_word,ప్రత్యక్షపరచుకొన్నాను,medium
telugu_wbtc,Ezekiel,25,2,merged_word,అమ్మెనీయులనుద్ధేశించి,medium
telugu_wbtc,Daniel,3,28,merged_word,చనిపోవటానికిష్టసించారు,medium
telugu_wbtc,Daniel,3,28,merged_word,చనిపోవటానికిష్టపడ్డారు,medium
telugu_wbtc,Daniel,10,12,merged_word,ప్రార్థింస్తూన్నందువల్లనే,medium
telugu_wbtc,Micah,6,10,merged_word,జనాన్నిమోసగిస్తున్నారా,medium
telugu_wbtc,Nahum,4,1,structural:missing_verse,,high
telugu_wbtc,Nahum,4,2,structural:missing_verse,,high
telugu_wbtc,Nahum,4,3,structural:missing_verse,,high
telugu_wbtc,Matthew,3,6,merged_word,బాప్తిస్మమునిచ్చేవాడు,medium
telugu_wbtc,Matthew,15,3,merged_word,ఎందుకుల్లంఘిస్తున్నారు,medium
telugu_wbtc,Matthew,20,28,merged_word,సేవచెయ్యటానికివచ్చాడు,medium
telugu_wbtc,Matthew,23,31,merged_word,చెప్పుకొంటున్నారన్నమాట,medium
telugu_wbtc,Matthew,26,15,merged_word,నాకేమివ్వాలనుకొన్నారు,medium
telugu_wbtc,Matthew,26,18,merged_word,చెయ్యాలనుకొంటున్నానని,medium
telugu_wbtc,Mark,5,12,char:latin_in_telugu,"ssఆ దయ్యాలు యేసుతో, “మమ్మల్ని ఆ పందుల్లోకి పంపండి. వాటిలో ప్రవేశించటానికి అనుమతి",low
telugu_wbtc,Mark,8,35,merged_word,కాపాడుకోవాలనుకొన్నవాడు,medium
telugu_wbtc,Luke,3,7,merged_word,పారిపోవాలనుకుంటున్నారు,medium
telugu_wbtc,Luke,6,8,merged_word,వాళ్ళేమాలోచిస్తున్నారో,medium
telugu_wbtc,Luke,9,24,merged_word,రక్షించుకోవాలనుకొన్నవాడు,medium
telugu_wbtc,Luke,11,48,merged_word,నిరూపించుకొంటున్నారన్న,medium
telugu_wbtc,Luke,21,8,char:latin_in_telugu,"Vఆయన, “జాగ్రత్త! మోసపోకండి. నా పేరిట అనేకులు వచ్చి, ‘నేనే ఆయన్ని అని, కాలం సమీపి",low
telugu_wbtc,Luke,22,6,merged_word,వాళ్ళకప్పగించాలనుకొని,medium
telugu_wbtc,John,1,25,merged_word,ప్రవక్తవుకానంటున్నావు,medium
telugu_wbtc,John,6,15,merged_word,చెయ్యాలనుకుంటున్నారని,medium
telugu_wbtc,John,8,55,merged_word,అబద్ధాలాడినట్లవుతుంది,medium
telugu_wbtc,John,11,13,merged_word,మాట్లాడుతున్నాడనుకున్నారు,medium
telugu_wbtc,Acts,4,9,merged_word,ప్రశ్నించాలనుకొంటున్నారా,medium
telugu_wbtc,Acts,4,9,merged_word,తెలుసుకోవాలనుకొంటున్నారా,medium
telugu_wbtc,Acts,12,9,merged_word,కలకంటున్నాననుకొన్నాడు,medium
telugu_wbtc,Acts,17,18,merged_word,ప్రబోధిస్తున్నట్లుంది,medium
telugu_wbtc,Acts,21,29,merged_word,పిలుచుకెళ్ళాడనుకున్నారు,medium
telugu_wbtc,Acts,22,30,merged_word,తెలుసుకోవాలనుకొన్నాడు,medium
telugu_wbtc,Acts,23,15,merged_word,తెలుసుకోవాలనుకొంటున్నాము,medium
telugu_wbtc,Romans,2,20,merged_word,సరిదిద్దగలననుకొంటున్నావు,medium
telugu_wbtc,Romans,2,20,merged_word,బోధించగలననుకొంటున్నావు,medium
telugu_wbtc,Romans,5,20,merged_word,ధర్మశాస్త్రాన్నిచ్చాడు,medium
telugu_wbtc,Romans,6,4,merged_word,బ్రతికింపబడినట్లుగానే,medium
telugu_wbtc,Romans,6,15,merged_word,దైవానుగ్రహంలోనున్నామని,medium
telugu_wbtc,Romans,15,23,merged_word,కలుసుకోవాలనుకొంటున్నాను,medium
telugu_wbtc,1 Corinthians,1,13,merged_word,మీకోసంసిలువపైచనిపొయ్యాడా,medium
telugu_wbtc,1 Corinthians,14,16,merged_word,స్తుతిస్తున్నారనుకోండి,medium
telugu_wbtc,Galatians,4,12,merged_word,విన్నవించుకుంటున్నాను,medium
telugu_wbtc,Philippians,1,4,merged_word,ప్రార్థించినప్పుడెల్లా,medium
telugu_wbtc,Colossians,1,20,merged_word,చేర్చుకోవాలనుకొన్నాడు,medium
telugu_wbtc,1 Timothy,4,16,merged_word,రక్షించుకొన్నవాడవౌతావు,medium
telugu_wbtc,1 Timothy,5,4,merged_word,తీర్చుకొన్నట్లవుతుంది,medium
telugu_wbtc,Titus,4,1,structural:missing_verse,,high
telugu_wbtc,Titus,4,2,structural:missing_verse,,high
telugu_wbtc,Titus,4,3,structural:missing_verse,,high
telugu_wbtc,Titus,4,4,structural:missing_verse,,high
telugu_wbtc,Titus,4,5,structural:missing_verse,,high
telugu_wbtc,Titus,4,6,structural:missing_verse,,high
telugu_wbtc,Titus,4,7,structural:missing_verse,,high
telugu_wbtc,Titus,4,8,structural:missing_verse,,high
telugu_wbtc,Titus,4,9,structural:missing_verse,,high
telugu_wbtc,Titus,4,10,structural:missing_verse,,high
telugu_wbtc,Titus,4,11,structural:missing_verse,,high
telugu_wbtc,Titus,4,12,structural:missing_verse,,high
telugu_wbtc,Titus,4,13,structural:missing_verse,,high
telugu_wbtc,Titus,4,14,structural:missing_verse,,high
telugu_wbtc,Titus,4,15,structural:missing_verse,,high
telugu_wbtc,Titus,4,16,structural:missing_verse,,high
telugu_wbtc,Titus,4,17,structural:missing_verse,,high
telugu_wbtc,Titus,4,18,structural:missing_verse,,high
telugu_wbtc,Hebrews,3,3,merged_word,అర్హుడనిపించుకొన్నాడు,medium
telugu_wbtc,Hebrews,12,25,merged_word,తప్పించుకోలేకపోయ్యారు,medium
telugu_wbtc,Hebrews,13,3,merged_word,కష్టాలనుభవిస్తున్నట్లు,medium
telugu_wbtc,Hebrews,13,18,merged_word,జీవించాలనుకొంటున్నాము,medium
telugu_wbtc,James,4,12,merged_word,ధర్మశాస్త్రాన్నిచ్చిన,medium
telugu_wbtc,1 Peter,2,8,merged_word,తొట్రుపడేటట్లుచేస్తుంది,medium
telugu_wbtc,1 Peter,4,16,merged_word,శిక్షననుభవించవలసివస్తే,medium
telugu_wbtc,2 Peter,2,10,merged_word,అధికారాన్నుల్లంఘిస్తూ,medium
telugu_wbtc,1 John,2,4,merged_word,అబద్ధాలాడుతున్నాడన్నమాట,medium
telugu_wbtc,1 John,2,21,merged_word,వ్రాస్తున్నాననుకోకండి,medium
telugu_wbtc,1 John,4,13,merged_word,తెలుసుకోగలుగుతున్నాము,medium
telugu_wbtc,Revelation,14,4,merged_word,ప్రత్యేకింపబడినవాళ్ళు,medium
telugu_wbtc,Revelation,15,4,merged_word,స్తుతించనివారెవరున్నారు,medium
kjv,Exodus,3,23,structural:missing_verse,,high
kjv,Exodus,3,24,structural:missing_verse,,high
kjv,Exodus,3,25,structural:missing_verse,,high
kjv,Exodus,3,26,structural:missing_verse,,high
kjv,Exodus,3,27,structural:missing_verse,,high
kjv,Exodus,5,24,structural:missing_verse,,high
kjv,Exodus,5,25,structural:missing_verse,,high
kjv,Exodus,5,26,structural:missing_verse,,high
kjv,Exodus,5,27,structural:missing_verse,,high
kjv,Exodus,5,28,structural:missing_verse,,high
kjv,Exodus,5,29,structural:missing_verse,,high
kjv,Exodus,5,30,structural:missing_verse,,high
kjv,Exodus,7,26,structural:missing_verse,,high
kjv,Exodus,7,27,structural:missing_verse,,high
kjv,Exodus,7,28,structural:missing_verse,,high
kjv,Exodus,7,29,structural:missing_verse,,high
kjv,Exodus,7,30,structural:missing_verse,,high
kjv,Exodus,7,31,structural:missing_verse,,high
kjv,Exodus,7,32,structural:missing_verse,,high
kjv,Exodus,7,33,structural:missing_verse,,high
kjv,Exodus,7,34,structural:missing_verse,,high
kjv,Exodus,17,17,structural:missing_verse,,high
kjv,Exodus,17,18,structural:missing_verse,,high
kjv,Exodus,17,19,structural:missing_verse,,high
kjv,Exodus,17,20,structural:missing_verse,,high
kjv,Exodus,17,21,structural:missing_verse,,high
kjv,Exodus,17,22,structural:missing_verse,,high
kjv,Exodus,17,23,structural:missing_verse,,high
kjv,Exodus,17,24,structural:missing_verse,,high
kjv,Exodus,17,25,structural:missing_verse,,high
kjv,Exodus,17,26,structural:missing_verse,,high
kjv,Exodus,17,27,structural:missing_verse,,high
kjv,Exodus,19,26,structural:missing_verse,,high
kjv,Exodus,19,27,structural:missing_verse,,high
kjv,Exodus,19,28,structural:missing_verse,,high
kjv,Exodus,19,29,structural:missing_verse,,high
kjv,Exodus,19,30,structural:missing_verse,,high
kjv,Exodus,19,31,structural:missing_verse,,high
kjv,Exodus,19,32,structural:missing_verse,,high
kjv,Exodus,19,33,structural:missing_verse,,high
kjv,Exodus,19,34,structural:missing_verse,,high
kjv,Exodus,19,35,structural:missing_verse,,high
kjv,Exodus,19,36,structural:missing_verse,,high
kjv,Exodus,19,37,structural:missing_verse,,high
kjv,Exodus,19,38,structural:missing_verse,,high
kjv,Leviticus,17,17,structural:missing_verse,,high
kjv,Leviticus,17,18,structural:missing_verse,,high
kjv,Leviticus,17,19,structural:missing_verse,,high
kjv,Leviticus,17,20,structural:missing_verse,,high
kjv,Leviticus,17,21,structural:missing_verse,,high
kjv,Leviticus,17,22,structural:missing_verse,,high
kjv,Leviticus,17,23,structural:missing_verse,,high
kjv,Leviticus,17,24,structural:missing_verse,,high
kjv,Leviticus,17,25,structural:missing_verse,,high
kjv,Leviticus,17,26,structural:missing_verse,,high
kjv,Leviticus,17,27,structural:missing_verse,,high
kjv,Nahum,4,1,structural:missing_verse,,high
kjv,Nahum,4,2,structural:missing_verse,,high
kjv,Nahum,4,3,structural:missing_verse,,high
kjv,Titus,4,1,structural:missing_verse,,high
kjv,Titus,4,2,structural:missing_verse,,high
kjv,Titus,4,3,structural:missing_verse,,high
kjv,Titus,4,4,structural:missing_verse,,high
kjv,Titus,4,5,structural:missing_verse,,high
kjv,Titus,4,6,structural:missing_verse,,high
kjv,Titus,4,7,structural:missing_verse,,high
kjv,Titus,4,8,structural:missing_verse,,high
kjv,Titus,4,9,structural:missing_verse,,high
kjv,Titus,4,10,structural:missing_verse,,high
kjv,Titus,4,11,structural:missing_verse,,high
kjv,Titus,4,12,structural:missing_verse,,high
kjv,Titus,4,13,structural:missing_verse,,high
kjv,Titus,4,14,structural:missing_verse,,high
kjv,Titus,4,15,structural:missing_verse,,high
kjv,Titus,4,16,structural:missing_verse,,high
kjv,Titus,4,17,structural:missing_verse,,high
kjv,Titus,4,18,structural:missing_verse,,high
asv,Exodus,3,23,structural:missing_verse,,high
asv,Exodus,3,24,structural:missing_verse,,high
asv,Exodus,3,25,structural:missing_verse,,high
asv,Exodus,3,26,structural:missing_verse,,high
asv,Exodus,3,27,structural:missing_verse,,high
asv,Exodus,5,24,structural:missing_verse,,high
asv,Exodus,5,25,structural:missing_verse,,high
asv,Exodus,5,26,structural:missing_verse,,high
asv,Exodus,5,27,structural:missing_verse,,high
asv,Exodus,5,28,structural:missing_verse,,high
asv,Exodus,5,29,structural:missing_verse,,high
asv,Exodus,5,30,structural:missing_verse,,high
asv,Exodus,7,26,structural:missing_verse,,high
asv,Exodus,7,27,structural:missing_verse,,high
asv,Exodus,7,28,structural:missing_verse,,high
asv,Exodus,7,29,structural:missing_verse,,high
asv,Exodus,7,30,structural:missing_verse,,high
asv,Exodus,7,31,structural:missing_verse,,high
asv,Exodus,7,32,structural:missing_verse,,high
asv,Exodus,7,33,structural:missing_verse,,high
asv,Exodus,7,34,structural:missing_verse,,high
asv,Exodus,17,17,structural:missing_verse,,high
asv,Exodus,17,18,structural:missing_verse,,high
asv,Exodus,17,19,structural:missing_verse,,high
asv,Exodus,17,20,structural:missing_verse,,high
asv,Exodus,17,21,structural:missing_verse,,high
asv,Exodus,17,22,structural:missing_verse,,high
asv,Exodus,17,23,structural:missing_verse,,high
asv,Exodus,17,24,structural:missing_verse,,high
asv,Exodus,17,25,structural:missing_verse,,high
asv,Exodus,17,26,structural:missing_verse,,high
asv,Exodus,17,27,structural:missing_verse,,high
asv,Exodus,19,26,structural:missing_verse,,high
asv,Exodus,19,27,structural:missing_verse,,high
asv,Exodus,19,28,structural:missing_verse,,high
asv,Exodus,19,29,structural:missing_verse,,high
asv,Exodus,19,30,structural:missing_verse,,high
asv,Exodus,19,31,structural:missing_verse,,high
asv,Exodus,19,32,structural:missing_verse,,high
asv,Exodus,19,33,structural:missing_verse,,high
asv,Exodus,19,34,structural:missing_verse,,high
asv,Exodus,19,35,structural:missing_verse,,high
asv,Exodus,19,36,structural:missing_verse,,high
asv,Exodus,19,37,structural:missing_verse,,high
asv,Exodus,19,38,structural:missing_verse,,high
asv,Leviticus,17,17,structural:missing_verse,,high
asv,Leviticus,17,18,structural:missing_verse,,high
asv,Leviticus,17,19,structural:missing_verse,,high
asv,Leviticus,17,20,structural:missing_verse,,high
asv,Leviticus,17,21,structural:missing_verse,,high
asv,Leviticus,17,22,structural:missing_verse,,high
asv,Leviticus,17,23,structural:missing_verse,,high
asv,Leviticus,17,24,structural:missing_verse,,high
asv,Leviticus,17,25,structural:missing_verse,,high
asv,Leviticus,17,26,structural:missing_verse,,high
asv,Leviticus,17,27,structural:missing_verse,,high
asv,Nahum,4,1,structural:missing_verse,,high
asv,Nahum,4,2,structural:missing_verse,,high
asv,Nahum,4,3,structural:missing_verse,,high
asv,Titus,4,1,structural:missing_verse,,high
asv,Titus,4,2,structural:missing_verse,,high
asv,Titus,4,3,structural:missing_verse,,high
asv,Titus,4,4,structural:missing_verse,,high
asv,Titus,4,5,structural:missing_verse,,high
asv,Titus,4,6,structural:missing_verse,,high
asv,Titus,4,7,structural:missing_verse,,high
asv,Titus,4,8,structural:missing_verse,,high
asv,Titus,4,9,structural:missing_verse,,high
asv,Titus,4,10,structural:missing_verse,,high
asv,Titus,4,11,structural:missing_verse,,high
asv,Titus,4,12,structural:missing_verse,,high
asv,Titus,4,13,structural:missing_verse,,high
asv,Titus,4,14,structural:missing_verse,,high
asv,Titus,4,15,structural:missing_verse,,high
asv,Titus,4,16,structural:missing_verse,,high
asv,Titus,4,17,structural:missing_verse,,high
asv,Titus,4,18,structural:missing_verse,,high
web,Exodus,3,23,structural:missing_verse,,high
web,Exodus,3,24,structural:missing_verse,,high
web,Exodus,3,25,structural:missing_verse,,high
web,Exodus,3,26,structural:missing_verse,,high
web,Exodus,3,27,structural:missing_verse,,high
web,Exodus,5,24,structural:missing_verse,,high
web,Exodus,5,25,structural:missing_verse,,high
web,Exodus,5,26,structural:missing_verse,,high
web,Exodus,5,27,structural:missing_verse,,high
web,Exodus,5,28,structural:missing_verse,,high
web,Exodus,5,29,structural:missing_verse,,high
web,Exodus,5,30,structural:missing_verse,,high
web,Exodus,7,26,structural:missing_verse,,high
web,Exodus,7,27,structural:missing_verse,,high
web,Exodus,7,28,structural:missing_verse,,high
web,Exodus,7,29,structural:missing_verse,,high
web,Exodus,7,30,structural:missing_verse,,high
web,Exodus,7,31,structural:missing_verse,,high
web,Exodus,7,32,structural:missing_verse,,high
web,Exodus,7,33,structural:missing_verse,,high
web,Exodus,7,34,structural:missing_verse,,high
web,Exodus,17,17,structural:missing_verse,,high
web,Exodus,17,18,structural:missing_verse,,high
web,Exodus,17,19,structural:missing_verse,,high
web,Exodus,17,20,structural:missing_verse,,high
web,Exodus,17,21,structural:missing_verse,,high
web,Exodus,17,22,structural:missing_verse,,high
web,Exodus,17,23,structural:missing_verse,,high
web,Exodus,17,24,structural:missing_verse,,high
web,Exodus,17,25,structural:missing_verse,,high
web,Exodus,17,26,structural:missing_verse,,high
web,Exodus,17,27,structural:missing_verse,,high
web,Exodus,19,26,structural:missing_verse,,high
web,Exodus,19,27,structural:missing_verse,,high
web,Exodus,19,28,structural:missing_verse,,high
web,Exodus,19,29,structural:missing_verse,,high
web,Exodus,19,30,structural:missing_verse,,high
web,Exodus,19,31,structural:missing_verse,,high
web,Exodus,19,32,structural:missing_verse,,high
web,Exodus,19,33,structural:missing_verse,,high
web,Exodus,19,34,structural:missing_verse,,high
web,Exodus,19,35,structural:missing_verse,,high
web,Exodus,19,36,structural:missing_verse,,high
web,Exodus,19,37,structural:missing_verse,,high
web,Exodus,19,38,structural:missing_verse,,high
web,Leviticus,17,17,structural:missing_verse,,high
web,Leviticus,17,18,structural:missing_verse,,high
web,Leviticus,17,19,structural:missing_verse,,high
web,Leviticus,17,20,structural:missing_verse,,high
web,Leviticus,17,21,structural:missing_verse,,high
web,Leviticus,17,22,structural:missing_verse,,high
web,Leviticus,17,23,structural:missing_verse,,high
web,Leviticus,17,24,structural:missing_verse,,high
web,Leviticus,17,25,structural:missing_verse,,high
web,Leviticus,17,26,structural:missing_verse,,high
web,Leviticus,17,27,structural:missing_verse,,high
web,Nahum,4,1,structural:missing_verse,,high
web,Nahum,4,2,structural:missing_verse,,high
web,Nahum,4,3,structural:missing_verse,,high
web,Luke,17,36,structural:empty_verse,,high
web,Acts,8,37,structural:empty_verse,,high
web,Acts,15,34,structural:empty_verse,,high
web,Acts,24,7,structural:empty_verse,,high
web,Romans,16,25,structural:empty_verse,,high
web,Romans,16,26,structural:empty_verse,,high
web,Titus,4,1,structural:missing_verse,,high
web,Titus,4,2,structural:missing_verse,,high
web,Titus,4,3,structural:missing_verse,,high
web,Titus,4,4,structural:missing_verse,,high
web,Titus,4,5,structural:missing_verse,,high
web,Titus,4,6,structural:missing_verse,,high
web,Titus,4,7,structural:missing_verse,,high
web,Titus,4,8,structural:missing_verse,,high
web,Titus,4,9,structural:missing_verse,,high
web,Titus,4,10,structural:missing_verse,,high
web,Titus,4,11,structural:missing_verse,,high
web,Titus,4,12,structural:missing_verse,,high
web,Titus,4,13,structural:missing_verse,,high
web,Titus,4,14,structural:missing_verse,,high
web,Titus,4,15,structural:missing_verse,,high
web,Titus,4,16,structural:missing_verse,,high
web,Titus,4,17,structural:missing_verse,,high
web,Titus,4,18,structural:missing_verse,,high
darby,Exodus,3,23,structural:missing_verse,,high
darby,Exodus,3,24,structural:missing_verse,,high
darby,Exodus,3,25,structural:missing_verse,,high
darby,Exodus,3,26,structural:missing_verse,,high
darby,Exodus,3,27,structural:missing_verse,,high
darby,Exodus,5,24,structural:missing_verse,,high
darby,Exodus,5,25,structural:missing_verse,,high
darby,Exodus,5,26,structural:missing_verse,,high
darby,Exodus,5,27,structural:missing_verse,,high
darby,Exodus,5,28,structural:missing_verse,,high
darby,Exodus,5,29,structural:missing_verse,,high
darby,Exodus,5,30,structural:missing_verse,,high
darby,Exodus,7,26,structural:missing_verse,,high
darby,Exodus,7,27,structural:missing_verse,,high
darby,Exodus,7,28,structural:missing_verse,,high
darby,Exodus,7,29,structural:missing_verse,,high
darby,Exodus,7,30,structural:missing_verse,,high
darby,Exodus,7,31,structural:missing_verse,,high
darby,Exodus,7,32,structural:missing_verse,,high
darby,Exodus,7,33,structural:missing_verse,,high
darby,Exodus,7,34,structural:missing_verse,,high
darby,Exodus,17,17,structural:missing_verse,,high
darby,Exodus,17,18,structural:missing_verse,,high
darby,Exodus,17,19,structural:missing_verse,,high
darby,Exodus,17,20,structural:missing_verse,,high
darby,Exodus,17,21,structural:missing_verse,,high
darby,Exodus,17,22,structural:missing_verse,,high
darby,Exodus,17,23,structural:missing_verse,,high
darby,Exodus,17,24,structural:missing_verse,,high
darby,Exodus,17,25,structural:missing_verse,,high
darby,Exodus,17,26,structural:missing_verse,,high
darby,Exodus,17,27,structural:missing_verse,,high
darby,Exodus,19,26,structural:missing_verse,,high
darby,Exodus,19,27,structural:missing_verse,,high
darby,Exodus,19,28,structural:missing_verse,,high
darby,Exodus,19,29,structural:missing_verse,,high
darby,Exodus,19,30,structural:missing_verse,,high
darby,Exodus,19,31,structural:missing_verse,,high
darby,Exodus,19,32,structural:missing_verse,,high
darby,Exodus,19,33,structural:missing_verse,,high
darby,Exodus,19,34,structural:missing_verse,,high
darby,Exodus,19,35,structural:missing_verse,,high
darby,Exodus,19,36,structural:missing_verse,,high
darby,Exodus,19,37,structural:missing_verse,,high
darby,Exodus,19,38,structural:missing_verse,,high
darby,Leviticus,17,17,structural:missing_verse,,high
darby,Leviticus,17,18,structural:missing_verse,,high
darby,Leviticus,17,19,structural:missing_verse,,high
darby,Leviticus,17,20,structural:missing_verse,,high
darby,Leviticus,17,21,structural:missing_verse,,high
darby,Leviticus,17,22,structural:missing_verse,,high
darby,Leviticus,17,23,structural:missing_verse,,high
darby,Leviticus,17,24,structural:missing_verse,,high
darby,Leviticus,17,25,structural:missing_verse,,high
darby,Leviticus,17,26,structural:missing_verse,,high
darby,Leviticus,17,27,structural:missing_verse,,high
darby,Nahum,4,1,structural:missing_verse,,high
darby,Nahum,4,2,structural:missing_verse,,high
darby,Nahum,4,3,structural:missing_verse,,high
darby,Titus,4,1,structural:missing_verse,,high
darby,Titus,4,2,structural:missing_verse,,high
darby,Titus,4,3,structural:missing_verse,,high
darby,Titus,4,4,structural:missing_verse,,high
darby,Titus,4,5,structural:missing_verse,,high
darby,Titus,4,6,structural:missing_verse,,high
darby,Titus,4,7,structural:missing_verse,,high
darby,Titus,4,8,structural:missing_verse,,high
darby,Titus,4,9,structural:missing_verse,,high
darby,Titus,4,10,structural:missing_verse,,high
darby,Titus,4,11,structural:missing_verse,,high
darby,Titus,4,12,structural:missing_verse,,high
darby,Titus,4,13,structural:missing_verse,,high
darby,Titus,4,14,structural:missing_verse,,high
darby,Titus,4,15,structural:missing_verse,,high
darby,Titus,4,16,structural:missing_verse,,high
darby,Titus,4,17,structural:missing_verse,,high
darby,Titus,4,18,structural:missing_verse,,high
